image_id,file_name,width,height,objects,status,exif_orientation,frames,suggested_group
0,BATCH_d07_img_6400.jpg,3840,2160,5,ok,1,1,batch_d07
1,BATCH_d07_img_580.jpg,3840,2160,8,ok,1,1,batch_d07
2,BATCH_d07_img_2380.jpg,3840,2160,4,ok,1,1,batch_d07
3,BATCH_d07_img_880.jpg,3840,2160,4,ok,1,1,batch_d07
4,BATCH_d07_img_4550.jpg,3840,2160,5,ok,1,1,batch_d07
5,BATCH_d07_img_410.jpg,3840,2160,4,ok,1,1,batch_d07
6,BATCH_d07_img_6030.jpg,3840,2160,3,ok,1,1,batch_d07
7,BATCH_d07_img_3470.jpg,3840,2160,1,ok,1,1,batch_d07
8,BATCH_d07_img_6970.jpg,3840,2160,1,ok,1,1,batch_d07
9,BATCH_d07_img_5110.jpg,3840,2160,2,ok,1,1,batch_d07
10,BATCH_d07_img_1250.jpg,3840,2160,2,ok,1,1,batch_d07
11,BATCH_d07_img_450.jpg,3840,2160,5,ok,1,1,batch_d07
12,BATCH_d07_img_2760.jpg,3840,2160,3,ok,1,1,batch_d07
13,BATCH_d07_img_2340.jpg,3840,2160,4,ok,1,1,batch_d07
14,BATCH_d07_img_610.jpg,3840,2160,7,ok,1,1,batch_d07
15,BATCH_d07_img_2080.jpg,3840,2160,2,ok,1,1,batch_d07
16,BATCH_d07_img_7260.jpg,3840,2160,1,ok,1,1,batch_d07
17,BATCH_d07_img_2930.jpg,3840,2160,2,ok,1,1,batch_d07
18,BATCH_d07_img_4370.jpg,3840,2160,3,ok,1,1,batch_d07
19,BATCH_d07_img_1760.jpg,3840,2160,6,ok,1,1,batch_d07
20,BATCH_d07_img_4730.jpg,3840,2160,4,ok,1,1,batch_d07
21,BATCH_d07_img_1700.jpg,3840,2160,6,ok,1,1,batch_d07
22,BATCH_d07_img_4670.jpg,3840,2160,2,ok,1,1,batch_d07
23,BATCH_d07_img_1390.jpg,3840,2160,4,ok,1,1,batch_d07
24,BATCH_d07_img_360.jpg,3840,2160,1,ok,1,1,batch_d07
25,BATCH_d07_img_600.jpg,3840,2160,8,ok,1,1,batch_d07
26,BATCH_d07_img_1120.jpg,3840,2160,2,ok,1,1,batch_d07
27,BATCH_d07_img_510.jpg,3840,2160,6,ok,1,1,batch_d07
28,BATCH_d07_img_6520.jpg,3840,2160,2,ok,1,1,batch_d07
29,BATCH_d07_img_2670.jpg,3840,2160,2,ok,1,1,batch_d07
30,BATCH_d07_img_2500.jpg,3840,2160,2,ok,1,1,batch_d07
31,BATCH_d07_img_3010.jpg,3840,2160,1,ok,1,1,batch_d07
32,BATCH_d07_img_2820.jpg,3840,2160,2,ok,1,1,batch_d07
33,BATCH_d07_img_3330.jpg,3840,2160,2,ok,1,1,batch_d07
34,BATCH_d07_img_650.jpg,3840,2160,7,ok,1,1,batch_d07
35,BATCH_d07_img_6110.jpg,3840,2160,4,ok,1,1,batch_d07
36,BATCH_d07_img_6230.jpg,3840,2160,5,ok,1,1,batch_d07
37,BATCH_d07_img_5020.jpg,3840,2160,4,ok,1,1,batch_d07
38,BATCH_d07_img_4430.jpg,3840,2160,3,ok,1,1,batch_d07
39,BATCH_d07_img_4720.jpg,3840,2160,5,ok,1,1,batch_d07
40,BATCH_d07_img_2220.jpg,3840,2160,2,ok,1,1,batch_d07
41,BATCH_d07_img_1010.jpg,3840,2160,2,ok,1,1,batch_d07
42,BATCH_d07_img_4880.jpg,3840,2160,6,ok,1,1,batch_d07
43,BATCH_d07_img_5380.jpg,3840,2160,3,ok,1,1,batch_d07
44,BATCH_d07_img_3860.jpg,3840,2160,2,ok,1,1,batch_d07
45,BATCH_d07_img_5470.jpg,3840,2160,2,ok,1,1,batch_d07
46,BATCH_d07_img_5780.jpg,3840,2160,4,ok,1,1,batch_d07
47,BATCH_d07_img_5210.jpg,3840,2160,1,ok,1,1,batch_d07
48,BATCH_d07_img_5960.jpg,3840,2160,3,ok,1,1,batch_d07
49,BATCH_d07_img_320.jpg,3840,2160,1,ok,1,1,batch_d07
50,BATCH_d07_img_5400.jpg,3840,2160,3,ok,1,1,batch_d07
51,BATCH_d07_img_1450.jpg,3840,2160,5,ok,1,1,batch_d07
52,BATCH_d07_img_3270.jpg,3840,2160,1,ok,1,1,batch_d07
53,BATCH_d07_img_2310.jpg,3840,2160,3,ok,1,1,batch_d07
54,BATCH_d07_img_3380.jpg,3840,2160,2,ok,1,1,batch_d07
55,BATCH_d07_img_1830.jpg,3840,2160,2,ok,1,1,batch_d07
56,BATCH_d07_img_5980.jpg,3840,2160,3,ok,1,1,batch_d07
57,BATCH_d07_img_3170.jpg,3840,2160,2,ok,1,1,batch_d07
58,BATCH_d07_img_4480.jpg,3840,2160,4,ok,1,1,batch_d07
59,BATCH_d07_img_6200.jpg,3840,2160,4,ok,1,1,batch_d07
60,BATCH_d07_img_460.jpg,3840,2160,5,ok,1,1,batch_d07
61,BATCH_d07_img_6320.jpg,3840,2160,7,ok,1,1,batch_d07
62,BATCH_d07_img_2960.jpg,3840,2160,1,ok,1,1,batch_d07
63,BATCH_d07_img_4610.jpg,3840,2160,3,ok,1,1,batch_d07
64,BATCH_d07_img_810.jpg,3840,2160,6,ok,1,1,batch_d07
65,BATCH_d07_img_2270.jpg,3840,2160,3,ok,1,1,batch_d07
66,BATCH_d07_img_1550.jpg,3840,2160,6,ok,1,1,batch_d07
67,BATCH_d07_img_4920.jpg,3840,2160,6,ok,1,1,batch_d07
68,BATCH_d07_img_950.jpg,3840,2160,2,ok,1,1,batch_d07
69,BATCH_d07_img_6020.jpg,3840,2160,5,ok,1,1,batch_d07
70,BATCH_d07_img_1650.jpg,3840,2160,7,ok,1,1,batch_d07
71,BATCH_d07_img_6800.jpg,3840,2160,1,ok,1,1,batch_d07
72,BATCH_d07_img_1610.jpg,3840,2160,6,ok,1,1,batch_d07
73,BATCH_d07_img_5900.jpg,3840,2160,2,ok,1,1,batch_d07
74,BATCH_d07_img_6160.jpg,3840,2160,5,ok,1,1,batch_d07
75,BATCH_d07_img_1500.jpg,3840,2160,5,ok,1,1,batch_d07
76,BATCH_d07_img_4760.jpg,3840,2160,4,ok,1,1,batch_d07
77,BATCH_d07_img_1160.jpg,3840,2160,2,ok,1,1,batch_d07
78,BATCH_d07_img_7030.jpg,3840,2160,1,ok,1,1,batch_d07
79,BATCH_d07_img_6940.jpg,3840,2160,1,ok,1,1,batch_d07
80,BATCH_d07_img_2600.jpg,3840,2160,4,ok,1,1,batch_d07
81,BATCH_d07_img_4970.jpg,3840,2160,5,ok,1,1,batch_d07
82,BATCH_d07_img_6360.jpg,3840,2160,5,ok,1,1,batch_d07
83,BATCH_d07_img_4310.jpg,3840,2160,1,ok,1,1,batch_d07
84,BATCH_d07_img_2720.jpg,3840,2160,2,ok,1,1,batch_d07
85,BATCH_d07_img_2520.jpg,3840,2160,3,ok,1,1,batch_d07
86,BATCH_d07_img_2420.jpg,3840,2160,6,ok,1,1,batch_d07
87,BATCH_d07_img_3990.jpg,3840,2160,2,ok,1,1,batch_d07
88,BATCH_d07_img_6740.jpg,3840,2160,1,ok,1,1,batch_d07
89,BATCH_d07_img_720.jpg,3840,2160,6,ok,1,1,batch_d07
90,BATCH_d07_img_1330.jpg,3840,2160,3,ok,1,1,batch_d07
91,BATCH_d07_img_5710.jpg,3840,2160,2,ok,1,1,batch_d07
92,GOPR0038.JPG,4000,3000,14,exif_orientation_requires_review,3,2,unverified_gopro
93,GOPR0040.JPG,4000,3000,11,multiple_frames_requires_review,1,2,unverified_gopro
94,GOPR0032.JPG,4000,3000,11,exif_orientation_requires_review,3,2,unverified_gopro
95,GOPR0028.JPG,4000,3000,3,exif_orientation_requires_review,3,2,unverified_gopro
96,BATCH_s05_img_1260.jpg,3668,1628,2,ok,1,1,batch_s05
97,GOPR0035.JPG,4000,3000,1,exif_orientation_requires_review,3,2,unverified_gopro
98,BATCH_s05_img_1940.jpg,3668,1628,1,ok,1,1,batch_s05
99,camera_img_1.jpg,4032,3024,1,exif_orientation_requires_review,6,1,unverified_camera
100,GOPR0030.JPG,4000,3000,12,exif_orientation_requires_review,3,2,unverified_gopro
101,GOPR0023.JPG,4000,3000,2,exif_orientation_requires_review,3,2,unverified_gopro
102,camera_img_3.jpg,4032,3024,2,ok,1,1,unverified_camera
103,GOPR0056.JPG,4000,3000,2,multiple_frames_requires_review,1,2,unverified_gopro
104,GOPR0048.JPG,4000,3000,5,multiple_frames_requires_review,1,2,unverified_gopro
105,GOPR0041.JPG,4000,3000,9,multiple_frames_requires_review,1,2,unverified_gopro
106,camera_img_2.jpg,4032,3024,1,exif_orientation_requires_review,6,1,unverified_camera
107,photo_2020-10-23_14-02-02.jpg,960,1280,2,ok,1,1,unverified_photo
108,GOPR0039.JPG,4000,3000,9,exif_orientation_requires_review,3,2,unverified_gopro
109,GOPR0021.JPG,4000,3000,3,exif_orientation_requires_review,3,2,unverified_gopro
110,GOPR0043.JPG,4000,3000,65,exif_orientation_requires_review,3,2,unverified_gopro
111,GOPR0026.JPG,4000,3000,5,exif_orientation_requires_review,3,2,unverified_gopro
112,GOPR0050.JPG,4000,3000,5,exif_orientation_requires_review,3,2,unverified_gopro
113,GOPR0046.JPG,4000,3000,17,exif_orientation_requires_review,3,2,unverified_gopro
114,GOPR0055.JPG,4000,3000,35,exif_orientation_requires_review,3,2,unverified_gopro
115,photo_2020-10-23_14-02-01.jpg,960,1280,1,ok,1,1,unverified_photo
116,GOPR0033.JPG,4000,3000,10,multiple_frames_requires_review,1,2,unverified_gopro
117,GOPR0025.JPG,4000,3000,6,multiple_frames_requires_review,1,2,unverified_gopro
118,GOPR0049.JPG,4000,3000,6,exif_orientation_requires_review,3,2,unverified_gopro
119,GOPR0019.JPG,4000,3000,3,multiple_frames_requires_review,1,2,unverified_gopro
120,GOPR0024.JPG,4000,3000,5,multiple_frames_requires_review,1,2,unverified_gopro
121,GOPR0029.JPG,4000,3000,18,multiple_frames_requires_review,1,2,unverified_gopro
122,GOPR0036.JPG,4000,3000,11,exif_orientation_requires_review,3,2,unverified_gopro
123,GOPR0052.JPG,4000,3000,4,exif_orientation_requires_review,8,2,unverified_gopro
124,GOPR0027.JPG,4000,3000,1,exif_orientation_requires_review,3,2,unverified_gopro
125,GOPR0022.JPG,4000,3000,2,exif_orientation_requires_review,3,2,unverified_gopro
126,photo_2020-10-23_14-02-04.jpg,1280,960,12,ok,1,1,unverified_photo
127,photo_2020-10-23_14-02-00.jpg,960,1280,13,ok,1,1,unverified_photo
128,BATCH_s05_img_3590.jpg,3668,1628,2,ok,1,1,batch_s05
129,BATCH_s05_img_1230.jpg,3668,1628,2,ok,1,1,batch_s05
130,photo_2020-10-23_14-02-03.jpg,1280,960,3,ok,1,1,unverified_photo
131,GOPR0044.JPG,4000,3000,4,exif_orientation_requires_review,3,2,unverified_gopro
132,BATCH_s05_img_20.jpg,3668,1628,1,ok,1,1,batch_s05
133,BATCH_s05_img_1960.jpg,3668,1628,1,ok,1,1,batch_s05
134,BATCH_s05_img_2080.jpg,3668,1628,3,ok,1,1,batch_s05
135,BATCH_s05_img_3960.jpg,3668,1628,1,ok,1,1,batch_s05
136,GOPR0020.JPG,4000,3000,1,exif_orientation_requires_review,3,2,unverified_gopro
137,BATCH_s05_img_3500.jpg,3668,1628,1,ok,1,1,batch_s05
138,GOPR0037.JPG,4000,3000,16,exif_orientation_requires_review,3,2,unverified_gopro
139,GOPR0042.JPG,4000,3000,8,multiple_frames_requires_review,1,2,unverified_gopro
140,GOPR0053.JPG,4000,3000,1,exif_orientation_requires_review,3,2,unverified_gopro
141,GOPR0047.JPG,4000,3000,7,exif_orientation_requires_review,8,2,unverified_gopro
142,GOPR0051.JPG,4000,3000,4,exif_orientation_requires_review,3,2,unverified_gopro
143,GOPR0031.JPG,4000,3000,15,multiple_frames_requires_review,1,2,unverified_gopro
144,GOPR0054.JPG,4000,3000,7,exif_orientation_requires_review,3,2,unverified_gopro
145,GOPR0045.JPG,4000,3000,4,multiple_frames_requires_review,1,2,unverified_gopro
146,GOPR0034.JPG,4000,3000,4,exif_orientation_requires_review,3,2,unverified_gopro
147,camera_img_0.jpg,4032,3024,3,exif_orientation_requires_review,6,1,unverified_camera
148,photo_2020-10-23_14-02-05.jpg,960,1280,23,ok,1,1,unverified_photo
149,BATCH_s03_img_3360.jpg,3668,1628,12,ok,1,1,batch_s03
150,BATCH_s03_img_3200.jpg,3668,1628,9,ok,1,1,batch_s03
151,BATCH_s03_img_3160.jpg,3668,1628,15,ok,1,1,batch_s03
152,BATCH_s03_img_1460.jpg,3668,1628,7,ok,1,1,batch_s03
153,BATCH_s03_img_380.jpg,3668,1628,4,ok,1,1,batch_s03
154,BATCH_s03_img_3660.jpg,3668,1628,7,ok,1,1,batch_s03
155,BATCH_s03_img_1100.jpg,3668,1628,10,ok,1,1,batch_s03
156,BATCH_s03_img_440.jpg,3668,1628,8,ok,1,1,batch_s03
157,BATCH_s03_img_4300.jpg,3668,1628,4,ok,1,1,batch_s03
158,BATCH_s03_img_3120.jpg,3668,1628,6,ok,1,1,batch_s03
159,BATCH_s03_img_3040.jpg,3668,1628,4,ok,1,1,batch_s03
160,BATCH_s03_img_3540.jpg,3668,1628,4,ok,1,1,batch_s03
161,BATCH_s03_img_1320.jpg,3668,1628,7,ok,1,1,batch_s03
162,BATCH_s03_img_3700.jpg,3668,1628,6,ok,1,1,batch_s03
163,BATCH_s03_img_3340.jpg,3668,1628,11,ok,1,1,batch_s03
164,BATCH_s03_img_3460.jpg,3668,1628,5,ok,1,1,batch_s03
165,BATCH_s03_img_640.jpg,3668,1628,7,ok,1,1,batch_s03
166,BATCH_s03_img_300.jpg,3668,1628,12,ok,1,1,batch_s03
167,BATCH_s03_img_840.jpg,3668,1628,2,ok,1,1,batch_s03
168,BATCH_s03_img_3780.jpg,3668,1628,3,ok,1,1,batch_s03
169,BATCH_s03_img_2200.jpg,3668,1628,14,ok,1,1,batch_s03
170,BATCH_s03_img_3420.jpg,3668,1628,6,ok,1,1,batch_s03
171,BATCH_s03_img_1000.jpg,3668,1628,7,ok,1,1,batch_s03
172,BATCH_s03_img_3640.jpg,3668,1628,10,ok,1,1,batch_s03
173,BATCH_s03_img_1160.jpg,3668,1628,7,ok,1,1,batch_s03
174,BATCH_s03_img_1040.jpg,3668,1628,10,ok,1,1,batch_s03
175,BATCH_s03_img_2300.jpg,3668,1628,7,ok,1,1,batch_s03
176,BATCH_s03_img_540.jpg,3668,1628,11,ok,1,1,batch_s03
177,BATCH_s03_img_660.jpg,3668,1628,8,ok,1,1,batch_s03
178,BATCH_s03_img_2800.jpg,3668,1628,5,ok,1,1,batch_s03
179,BATCH_s03_img_3920.jpg,3668,1628,4,ok,1,1,batch_s03
180,BATCH_s03_img_2220.jpg,3668,1628,15,ok,1,1,batch_s03
181,BATCH_s03_img_3380.jpg,3668,1628,10,ok,1,1,batch_s03
182,BATCH_s03_img_2160.jpg,3668,1628,15,ok,1,1,batch_s03
183,BATCH_s03_img_1880.jpg,3668,1628,4,ok,1,1,batch_s03
184,BATCH_s03_img_2080.jpg,3668,1628,11,ok,1,1,batch_s03
185,BATCH_s03_img_1640.jpg,3668,1628,4,ok,1,1,batch_s03
186,BATCH_s03_img_4160.jpg,3668,1628,4,ok,1,1,batch_s03
187,BATCH_s03_img_1400.jpg,3668,1628,9,ok,1,1,batch_s03
188,BATCH_s03_img_800.jpg,3668,1628,4,ok,1,1,batch_s03
189,BATCH_s03_img_4220.jpg,3668,1628,5,ok,1,1,batch_s03
190,batch_s02_img_114.jpg,3668,1628,5,ok,1,1,batch_s02
191,batch_s02_img_42.jpg,3668,1628,7,ok,1,1,batch_s02
192,batch_s02_img_91.jpg,3668,1628,19,ok,1,1,batch_s02
193,batch_s02_img_88.jpg,3668,1628,1,ok,1,1,batch_s02
194,batch_s02_img_27.jpg,3668,1628,3,ok,1,1,batch_s02
195,batch_s02_img_132.jpg,3668,1628,7,ok,1,1,batch_s02
196,batch_s02_img_126.jpg,3668,1628,8,ok,1,1,batch_s02
197,batch_s02_img_138.jpg,3668,1628,12,ok,1,1,batch_s02
198,batch_s02_img_135.jpg,3668,1628,3,ok,1,1,batch_s02
199,batch_s02_img_89.jpg,3668,1628,3,ok,1,1,batch_s02
200,batch_s02_img_54.jpg,3668,1628,3,ok,1,1,batch_s02
201,batch_s02_img_20.jpg,3668,1628,6,ok,1,1,batch_s02
202,batch_s02_img_67.jpg,3668,1628,6,ok,1,1,batch_s02
203,batch_s02_img_117.jpg,3668,1628,6,ok,1,1,batch_s02
204,batch_s02_img_14.jpg,3668,1628,2,ok,1,1,batch_s02
205,batch_s02_img_103.jpg,3668,1628,8,ok,1,1,batch_s02
206,batch_s02_img_60.jpg,3668,1628,6,ok,1,1,batch_s02
207,batch_s02_img_93.jpg,3668,1628,7,ok,1,1,batch_s02
208,batch_s02_img_40.jpg,3668,1628,3,ok,1,1,batch_s02
209,batch_s02_img_66.jpg,3668,1628,9,ok,1,1,batch_s02
210,batch_s02_img_37.jpg,3668,1628,4,ok,1,1,batch_s02
211,batch_s02_img_92.jpg,3668,1628,4,ok,1,1,batch_s02
212,batch_s02_img_15.jpg,3668,1628,9,ok,1,1,batch_s02
213,batch_s02_img_77.jpg,3668,1628,1,ok,1,1,batch_s02
214,batch_s02_img_25.jpg,3668,1628,10,ok,1,1,batch_s02
215,batch_s02_img_105.jpg,3668,1628,4,ok,1,1,batch_s02
216,batch_s02_img_127.jpg,3668,1628,6,ok,1,1,batch_s02
217,batch_s02_img_9.jpg,3668,1628,2,ok,1,1,batch_s02
218,batch_s02_img_44.jpg,3668,1628,3,ok,1,1,batch_s02
219,batch_s02_img_32.jpg,3668,1628,6,ok,1,1,batch_s02
220,batch_s02_img_150.jpg,3668,1628,17,ok,1,1,batch_s02
221,batch_s02_img_45.jpg,3668,1628,5,ok,1,1,batch_s02
222,batch_s02_img_61.jpg,3668,1628,3,ok,1,1,batch_s02
223,batch_s02_img_74.jpg,3668,1628,4,ok,1,1,batch_s02
224,batch_s02_img_111.jpg,3668,1628,7,ok,1,1,batch_s02
225,batch_s02_img_97.jpg,3668,1628,1,ok,1,1,batch_s02
226,batch_s02_img_131.jpg,3668,1628,2,ok,1,1,batch_s02
227,batch_s02_img_130.jpg,3668,1628,3,ok,1,1,batch_s02
228,batch_s02_img_124.jpg,3668,1628,10,ok,1,1,batch_s02
229,batch_s02_img_63.jpg,3668,1628,14,ok,1,1,batch_s02
230,batch_s02_img_55.jpg,3668,1628,14,ok,1,1,batch_s02
231,batch_s02_img_72.jpg,3668,1628,6,ok,1,1,batch_s02
232,batch_s02_img_29.jpg,3668,1628,8,ok,1,1,batch_s02
233,batch_s02_img_53.jpg,3668,1628,5,ok,1,1,batch_s02
234,batch_s02_img_98.jpg,3668,1628,5,ok,1,1,batch_s02
235,batch_s02_img_122.jpg,3668,1628,2,ok,1,1,batch_s02
236,batch_s02_img_24.jpg,3668,1628,11,ok,1,1,batch_s02
237,batch_s02_img_18.jpg,3668,1628,4,ok,1,1,batch_s02
238,batch_s02_img_73.jpg,3668,1628,10,ok,1,1,batch_s02
239,batch_s02_img_109.jpg,3668,1628,12,ok,1,1,batch_s02
240,batch_s02_img_125.jpg,3668,1628,6,ok,1,1,batch_s02
241,batch_s02_img_10.jpg,3668,1628,8,ok,1,1,batch_s02
242,batch_s02_img_0.jpg,3668,1628,16,ok,1,1,batch_s02
243,batch_s02_img_152.jpg,3668,1628,3,ok,1,1,batch_s02
244,batch_s02_img_69.jpg,3668,1628,4,ok,1,1,batch_s02
245,batch_s02_img_134.jpg,3668,1628,23,ok,1,1,batch_s02
246,batch_s02_img_3.jpg,3668,1628,4,ok,1,1,batch_s02
247,batch_s02_img_118.jpg,3668,1628,9,ok,1,1,batch_s02
248,batch_s02_img_5.jpg,3668,1628,3,ok,1,1,batch_s02
249,batch_s02_img_49.jpg,3668,1628,5,ok,1,1,batch_s02
250,batch_s02_img_71.jpg,3668,1628,12,ok,1,1,batch_s02
251,batch_s02_img_16.jpg,3668,1628,9,ok,1,1,batch_s02
252,batch_s02_img_19.jpg,3668,1628,13,ok,1,1,batch_s02
253,batch_s02_img_11.jpg,3668,1628,3,ok,1,1,batch_s02
254,batch_s02_img_94.jpg,3668,1628,3,ok,1,1,batch_s02
255,batch_s02_img_48.jpg,3668,1628,5,ok,1,1,batch_s02
256,batch_s02_img_85.jpg,3668,1628,6,ok,1,1,batch_s02
257,batch_s02_img_141.jpg,3668,1628,11,ok,1,1,batch_s02
258,batch_s02_img_86.jpg,3668,1628,11,ok,1,1,batch_s02
259,batch_s02_img_58.jpg,3668,1628,1,ok,1,1,batch_s02
260,batch_s02_img_81.jpg,3668,1628,3,ok,1,1,batch_s02
261,batch_s02_img_7.jpg,3668,1628,2,ok,1,1,batch_s02
262,batch_s02_img_13.jpg,3668,1628,2,ok,1,1,batch_s02
263,batch_s02_img_113.jpg,3668,1628,7,ok,1,1,batch_s02
264,batch_s02_img_84.jpg,3668,1628,2,ok,1,1,batch_s02
265,batch_s02_img_46.jpg,3668,1628,8,ok,1,1,batch_s02
266,batch_s02_img_140.jpg,3668,1628,5,ok,1,1,batch_s02
267,batch_s02_img_100.jpg,3668,1628,4,ok,1,1,batch_s02
268,batch_s02_img_142.jpg,3668,1628,10,ok,1,1,batch_s02
269,batch_s02_img_82.jpg,3668,1628,9,ok,1,1,batch_s02
270,batch_s02_img_107.jpg,3668,1628,11,ok,1,1,batch_s02
271,batch_s02_img_116.jpg,3668,1628,11,ok,1,1,batch_s02
272,batch_s02_img_8.jpg,3668,1628,5,ok,1,1,batch_s02
273,batch_s02_img_90.jpg,3668,1628,3,ok,1,1,batch_s02
274,batch_s02_img_119.jpg,3668,1628,5,ok,1,1,batch_s02
275,batch_s02_img_83.jpg,3668,1628,3,ok,1,1,batch_s02
276,batch_s02_img_153.jpg,3668,1628,12,ok,1,1,batch_s02
277,batch_s02_img_148.jpg,3668,1628,8,ok,1,1,batch_s02
278,batch_s02_img_115.jpg,3668,1628,8,ok,1,1,batch_s02
279,batch_s02_img_35.jpg,3668,1628,8,ok,1,1,batch_s02
280,batch_s02_img_139.jpg,3668,1628,7,ok,1,1,batch_s02
281,batch_s02_img_76.jpg,3668,1628,3,ok,1,1,batch_s02
282,batch_s02_img_120.jpg,3668,1628,5,ok,1,1,batch_s02
283,batch_s02_img_146.jpg,3668,1628,13,ok,1,1,batch_s02
284,batch_s02_img_62.jpg,3668,1628,6,ok,1,1,batch_s02
285,batch_s02_img_102.jpg,3668,1628,10,ok,1,1,batch_s02
286,batch_s02_img_65.jpg,3668,1628,3,ok,1,1,batch_s02
287,batch_s02_img_155.jpg,3668,1628,4,ok,1,1,batch_s02
288,batch_s02_img_96.jpg,3668,1628,11,ok,1,1,batch_s02
289,batch_s02_img_75.jpg,3668,1628,7,ok,1,1,batch_s02
290,batch_s02_img_31.jpg,3668,1628,4,ok,1,1,batch_s02
291,batch_s02_img_101.jpg,3668,1628,9,ok,1,1,batch_s02
292,batch_s02_img_17.jpg,3668,1628,3,ok,1,1,batch_s02
293,batch_s02_img_108.jpg,3668,1628,5,ok,1,1,batch_s02
294,batch_s02_img_38.jpg,3668,1628,10,ok,1,1,batch_s02
295,batch_s02_img_87.jpg,3668,1628,4,ok,1,1,batch_s02
296,batch_s02_img_64.jpg,3668,1628,10,ok,1,1,batch_s02
297,batch_s02_img_28.jpg,3668,1628,3,ok,1,1,batch_s02
298,batch_s02_img_106.jpg,3668,1628,5,ok,1,1,batch_s02
299,batch_s02_img_156.jpg,3668,1628,19,ok,1,1,batch_s02
300,batch_s02_img_23.jpg,3668,1628,3,ok,1,1,batch_s02
301,batch_s02_img_133.jpg,3668,1628,8,ok,1,1,batch_s02
302,batch_s02_img_154.jpg,3668,1628,5,ok,1,1,batch_s02
303,batch_s02_img_22.jpg,3668,1628,4,ok,1,1,batch_s02
304,batch_s02_img_39.jpg,3668,1628,3,ok,1,1,batch_s02
305,batch_s02_img_110.jpg,3668,1628,4,ok,1,1,batch_s02
306,batch_s02_img_2.jpg,3668,1628,6,ok,1,1,batch_s02
307,batch_s02_img_12.jpg,3668,1628,9,ok,1,1,batch_s02
308,batch_s02_img_57.jpg,3668,1628,4,ok,1,1,batch_s02
309,batch_s02_img_78.jpg,3668,1628,4,ok,1,1,batch_s02
310,batch_s02_img_70.jpg,3668,1628,6,ok,1,1,batch_s02
311,batch_s02_img_34.jpg,3668,1628,18,ok,1,1,batch_s02
312,batch_s02_img_121.jpg,3668,1628,3,ok,1,1,batch_s02
313,batch_s02_img_21.jpg,3668,1628,10,ok,1,1,batch_s02
314,batch_s02_img_30.jpg,3668,1628,11,ok,1,1,batch_s02
315,batch_s02_img_129.jpg,3668,1628,5,ok,1,1,batch_s02
316,batch_s02_img_4.jpg,3668,1628,7,ok,1,1,batch_s02
317,batch_s02_img_1.jpg,3668,1628,7,ok,1,1,batch_s02
318,batch_s02_img_99.jpg,3668,1628,5,ok,1,1,batch_s02
319,batch_s02_img_143.jpg,3668,1628,6,ok,1,1,batch_s02
320,batch_s02_img_51.jpg,3668,1628,2,ok,1,1,batch_s02
321,batch_s02_img_6.jpg,3668,1628,3,ok,1,1,batch_s02
322,batch_s02_img_104.jpg,3668,1628,16,ok,1,1,batch_s02
323,batch_s02_img_147.jpg,3668,1628,3,ok,1,1,batch_s02
324,batch_s02_img_56.jpg,3668,1628,16,ok,1,1,batch_s02
325,batch_s02_img_123.jpg,3668,1628,7,ok,1,1,batch_s02
326,batch_s02_img_36.jpg,3668,1628,15,ok,1,1,batch_s02
327,batch_s02_img_33.jpg,3668,1628,4,ok,1,1,batch_s02
328,batch_s02_img_128.jpg,3668,1628,1,ok,1,1,batch_s02
329,batch_s02_img_43.jpg,3668,1628,8,ok,1,1,batch_s02
330,batch_s02_img_41.jpg,3668,1628,9,ok,1,1,batch_s02
331,batch_s02_img_68.jpg,3668,1628,2,ok,1,1,batch_s02
332,batch_s02_img_136.jpg,3668,1628,6,ok,1,1,batch_s02
333,batch_s02_img_151.jpg,3668,1628,8,ok,1,1,batch_s02
334,batch_s02_img_112.jpg,3668,1628,5,ok,1,1,batch_s02
335,batch_s02_img_80.jpg,3668,1628,2,ok,1,1,batch_s02
336,batch_s02_img_79.jpg,3668,1628,4,ok,1,1,batch_s02
337,batch_s02_img_95.jpg,3668,1628,4,ok,1,1,batch_s02
338,batch_s02_img_26.jpg,3668,1628,12,ok,1,1,batch_s02
339,batch_s02_img_144.jpg,3668,1628,5,ok,1,1,batch_s02
340,batch_s02_img_145.jpg,3668,1628,7,ok,1,1,batch_s02
341,batch_s02_img_59.jpg,3668,1628,3,ok,1,1,batch_s02
342,batch_s02_img_52.jpg,3668,1628,2,ok,1,1,batch_s02
343,batch_s02_img_137.jpg,3668,1628,1,ok,1,1,batch_s02
344,batch_s02_img_149.jpg,3668,1628,5,ok,1,1,batch_s02
345,batch_s02_img_50.jpg,3668,1628,3,ok,1,1,batch_s02
346,batch_s02_img_47.jpg,3668,1628,16,ok,1,1,batch_s02
347,batch_02_img_1480.jpg,3840,2160,1,ok,1,1,batch_02
348,batch_02_img_1400.jpg,3840,2160,2,ok,1,1,batch_02
349,batch_02_img_3700.jpg,3840,2160,4,ok,1,1,batch_02
350,batch_02_img_3600.jpg,3840,2160,3,ok,1,1,batch_02
351,batch_02_img_860.jpg,3840,2160,2,ok,1,1,batch_02
352,batch_02_img_3820.jpg,3840,2160,3,ok,1,1,batch_02
353,batch_02_img_2500.jpg,3840,2160,2,ok,1,1,batch_02
354,batch_02_img_340.jpg,3840,2160,1,ok,1,1,batch_02
355,batch_02_img_3500.jpg,3840,2160,4,ok,1,1,batch_02
356,batch_02_img_1320.jpg,3840,2160,4,ok,1,1,batch_02
357,batch_02_img_2440.jpg,3840,2160,1,ok,1,1,batch_02
358,batch_02_img_720.jpg,3840,2160,3,ok,1,1,batch_02
359,batch_02_img_980.jpg,3840,2160,2,ok,1,1,batch_02
360,batch_02_img_1560.jpg,3840,2160,1,ok,1,1,batch_02
361,batch_02_img_2540.jpg,3840,2160,2,ok,1,1,batch_02
362,batch_02_img_2620.jpg,3840,2160,2,ok,1,1,batch_02
363,batch_02_img_3040.jpg,3840,2160,3,ok,1,1,batch_02
364,batch_02_img_2000.jpg,3840,2160,3,ok,1,1,batch_02
365,batch_02_img_2800.jpg,3840,2160,1,ok,1,1,batch_02
366,batch_02_img_3060.jpg,3840,2160,5,ok,1,1,batch_02
367,batch_02_img_320.jpg,3840,2160,1,ok,1,1,batch_02
368,batch_02_img_3260.jpg,3840,2160,7,ok,1,1,batch_02
369,batch_02_img_3780.jpg,3840,2160,4,ok,1,1,batch_02
370,batch_02_img_2700.jpg,3840,2160,2,ok,1,1,batch_02
371,batch_02_img_1960.jpg,3840,2160,2,ok,1,1,batch_02
372,batch_02_img_180.jpg,3840,2160,3,ok,1,1,batch_02
373,batch_02_img_3160.jpg,3840,2160,7,ok,1,1,batch_02
374,batch_02_img_520.jpg,3840,2160,1,ok,1,1,batch_02
375,batch_02_img_1460.jpg,3840,2160,1,ok,1,1,batch_02
376,batch_02_img_360.jpg,3840,2160,1,ok,1,1,batch_02
377,batch_02_img_580.jpg,3840,2160,1,ok,1,1,batch_02
378,batch_02_img_960.jpg,3840,2160,1,ok,1,1,batch_02
379,batch_02_img_2960.jpg,3840,2160,2,ok,1,1,batch_02
380,batch_02_img_1140.jpg,3840,2160,1,ok,1,1,batch_02
381,batch_02_img_3400.jpg,3840,2160,5,ok,1,1,batch_02
382,batch_02_img_1680.jpg,3840,2160,1,ok,1,1,batch_02
383,batch_02_img_1240.jpg,3840,2160,3,ok,1,1,batch_02
384,batch_02_img_20.jpg,3840,2160,2,ok,1,1,batch_02
385,batch_02_img_3640.jpg,3840,2160,3,ok,1,1,batch_02
386,batch_02_img_3580.jpg,3840,2160,3,ok,1,1,batch_02
387,batch_02_img_2360.jpg,3840,2160,2,ok,1,1,batch_02
388,batch_05_img_4920.jpg,3840,2160,2,ok,1,1,batch_05
389,batch_05_img_4120.jpg,3840,2160,3,ok,1,1,batch_05
390,batch_05_img_1820.jpg,3840,2160,5,ok,1,1,batch_05
391,batch_05_img_2180.jpg,3840,2160,3,ok,1,1,batch_05
392,batch_05_img_4460.jpg,3840,2160,2,ok,1,1,batch_05
393,batch_05_img_5880.jpg,3840,2160,2,ok,1,1,batch_05
394,batch_05_img_3580.jpg,3840,2160,4,ok,1,1,batch_05
395,batch_05_img_1540.jpg,3840,2160,5,ok,1,1,batch_05
396,batch_05_img_1080.jpg,3840,2160,4,ok,1,1,batch_05
397,batch_05_img_4840.jpg,3840,2160,1,ok,1,1,batch_05
398,batch_05_img_3940.jpg,3840,2160,4,ok,1,1,batch_05
399,batch_05_img_840.jpg,3840,2160,5,ok,1,1,batch_05
400,batch_05_img_4500.jpg,3840,2160,1,ok,1,1,batch_05
401,batch_05_img_5540.jpg,3840,2160,1,ok,1,1,batch_05
402,batch_05_img_2140.jpg,3840,2160,3,ok,1,1,batch_05
403,batch_05_img_960.jpg,3840,2160,4,ok,1,1,batch_05
404,batch_05_img_1980.jpg,3840,2160,8,ok,1,1,batch_05
405,batch_05_img_600.jpg,3840,2160,2,ok,1,1,batch_05
406,batch_05_img_1060.jpg,3840,2160,2,ok,1,1,batch_05
407,batch_05_img_4040.jpg,3840,2160,3,ok,1,1,batch_05
408,batch_05_img_5080.jpg,3840,2160,2,ok,1,1,batch_05
409,batch_05_img_5200.jpg,3840,2160,2,ok,1,1,batch_05
410,batch_05_img_5980.jpg,3840,2160,2,ok,1,1,batch_05
411,batch_05_img_1780.jpg,3840,2160,7,ok,1,1,batch_05
412,batch_05_img_4180.jpg,3840,2160,1,ok,1,1,batch_05
413,batch_05_img_1500.jpg,3840,2160,5,ok,1,1,batch_05
414,batch_05_img_780.jpg,3840,2160,3,ok,1,1,batch_05
415,batch_05_img_260.jpg,3840,2160,1,ok,1,1,batch_05
416,batch_05_img_2220.jpg,3840,2160,3,ok,1,1,batch_05
417,batch_05_img_1440.jpg,3840,2160,4,ok,1,1,batch_05
418,batch_05_img_2960.jpg,3840,2160,1,ok,1,1,batch_05
419,batch_05_img_6080.jpg,3840,2160,2,ok,1,1,batch_05
420,batch_05_img_1620.jpg,3840,2160,7,ok,1,1,batch_05
421,batch_05_img_5360.jpg,3840,2160,2,ok,1,1,batch_05
422,batch_05_img_4340.jpg,3840,2160,4,ok,1,1,batch_05
423,batch_05_img_820.jpg,3840,2160,3,ok,1,1,batch_05
424,batch_05_img_1340.jpg,3840,2160,2,ok,1,1,batch_05
425,batch_05_img_1160.jpg,3840,2160,4,ok,1,1,batch_05
426,batch_05_img_1720.jpg,3840,2160,10,ok,1,1,batch_05
427,batch_05_img_1240.jpg,3840,2160,3,ok,1,1,batch_05
428,batch_05_img_1600.jpg,3840,2160,4,ok,1,1,batch_05
429,batch_05_img_3040.jpg,3840,2160,2,ok,1,1,batch_05
430,batch_05_img_3460.jpg,3840,2160,2,ok,1,1,batch_05
431,batch_05_img_5760.jpg,3840,2160,2,ok,1,1,batch_05
432,batch_05_img_2040.jpg,3840,2160,4,ok,1,1,batch_05
433,batch_05_img_2360.jpg,3840,2160,1,ok,1,1,batch_05
434,batch_05_img_5620.jpg,3840,2160,2,ok,1,1,batch_05
435,batch_05_img_4240.jpg,3840,2160,4,ok,1,1,batch_05
436,BATCH_s04_img_8280.jpg,3668,1628,4,ok,1,1,batch_s04
437,BATCH_s04_img_3600.jpg,3668,1628,6,ok,1,1,batch_s04
438,BATCH_s04_img_3540.jpg,3668,1628,5,ok,1,1,batch_s04
439,BATCH_s04_img_1000.jpg,3668,1628,1,ok,1,1,batch_s04
440,BATCH_s04_img_7860.jpg,3668,1628,6,ok,1,1,batch_s04
441,BATCH_s04_img_4640.jpg,3668,1628,1,ok,1,1,batch_s04
442,BATCH_s04_img_8440.jpg,3668,1628,5,ok,1,1,batch_s04
443,BATCH_s04_img_7720.jpg,3668,1628,3,ok,1,1,batch_s04
444,BATCH_s04_img_7820.jpg,3668,1628,5,ok,1,1,batch_s04
445,BATCH_s04_img_7220.jpg,3668,1628,4,ok,1,1,batch_s04
446,BATCH_s04_img_3760.jpg,3668,1628,1,ok,1,1,batch_s04
447,BATCH_s04_img_3040.jpg,3668,1628,3,ok,1,1,batch_s04
448,BATCH_s04_img_7660.jpg,3668,1628,2,ok,1,1,batch_s04
449,BATCH_s04_img_7240.jpg,3668,1628,5,ok,1,1,batch_s04
450,BATCH_s04_img_9600.jpg,3668,1628,4,ok,1,1,batch_s04
451,BATCH_s04_img_6300.jpg,3668,1628,2,ok,1,1,batch_s04
452,BATCH_s04_img_8080.jpg,3668,1628,1,ok,1,1,batch_s04
453,BATCH_s04_img_9440.jpg,3668,1628,2,ok,1,1,batch_s04
454,BATCH_s04_img_5900.jpg,3668,1628,4,ok,1,1,batch_s04
455,BATCH_s04_img_7500.jpg,3668,1628,3,ok,1,1,batch_s04
456,BATCH_s04_img_4980.jpg,3668,1628,1,ok,1,1,batch_s04
457,BATCH_s04_img_3400.jpg,3668,1628,3,ok,1,1,batch_s04
458,BATCH_s04_img_6100.jpg,3668,1628,3,ok,1,1,batch_s04
459,BATCH_s04_img_8360.jpg,3668,1628,3,ok,1,1,batch_s04
460,BATCH_s04_img_9200.jpg,3668,1628,1,ok,1,1,batch_s04
461,BATCH_s04_img_2920.jpg,3668,1628,1,ok,1,1,batch_s04
462,BATCH_s04_img_9840.jpg,3668,1628,3,ok,1,1,batch_s04
463,BATCH_s04_img_6120.jpg,3668,1628,2,ok,1,1,batch_s04
464,BATCH_s04_img_3460.jpg,3668,1628,2,ok,1,1,batch_s04
465,BATCH_s04_img_7320.jpg,3668,1628,1,ok,1,1,batch_s04
466,BATCH_s04_img_2960.jpg,3668,1628,3,ok,1,1,batch_s04
467,BATCH_s04_img_9300.jpg,3668,1628,4,ok,1,1,batch_s04
468,BATCH_s04_img_6600.jpg,3668,1628,9,ok,1,1,batch_s04
469,BATCH_s04_img_8600.jpg,3668,1628,5,ok,1,1,batch_s04
470,BATCH_s04_img_5660.jpg,3668,1628,2,ok,1,1,batch_s04
471,BATCH_s04_img_1160.jpg,3668,1628,9,ok,1,1,batch_s04
472,BATCH_s04_img_4800.jpg,3668,1628,1,ok,1,1,batch_s04
473,BATCH_s04_img_7080.jpg,3668,1628,4,ok,1,1,batch_s04
474,BATCH_s04_img_5800.jpg,3668,1628,3,ok,1,1,batch_s04
475,BATCH_s04_img_6060.jpg,3668,1628,2,ok,1,1,batch_s04
476,BATCH_s04_img_6560.jpg,3668,1628,7,ok,1,1,batch_s04
477,BATCH_s04_img_5840.jpg,3668,1628,3,ok,1,1,batch_s04
478,BATCH_s04_img_5600.jpg,3668,1628,2,ok,1,1,batch_s04
479,BATCH_s04_img_5460.jpg,3668,1628,1,ok,1,1,batch_s04
480,BATCH_s04_img_1080.jpg,3668,1628,4,ok,1,1,batch_s04
481,BATCH_s04_img_3320.jpg,3668,1628,2,ok,1,1,batch_s04
482,BATCH_s04_img_7800.jpg,3668,1628,6,ok,1,1,batch_s04
483,BATCH_s04_img_9360.jpg,3668,1628,3,ok,1,1,batch_s04
484,BATCH_s04_img_6640.jpg,3668,1628,10,ok,1,1,batch_s04
485,BATCH_s04_img_2640.jpg,3668,1628,2,ok,1,1,batch_s04
486,BATCH_s04_img_7960.jpg,3668,1628,3,ok,1,1,batch_s04
487,BATCH_s04_img_6500.jpg,3668,1628,4,ok,1,1,batch_s04
488,BATCH_s04_img_6920.jpg,3668,1628,6,ok,1,1,batch_s04
489,BATCH_s04_img_4160.jpg,3668,1628,3,ok,1,1,batch_s04
490,BATCH_s04_img_1240.jpg,3668,1628,4,ok,1,1,batch_s04
491,BATCH_s04_img_5760.jpg,3668,1628,2,ok,1,1,batch_s04
492,BATCH_s04_img_6460.jpg,3668,1628,4,ok,1,1,batch_s04
493,BATCH_s04_img_7380.jpg,3668,1628,2,ok,1,1,batch_s04
494,BATCH_s04_img_4720.jpg,3668,1628,2,ok,1,1,batch_s04
495,BATCH_s04_img_6200.jpg,3668,1628,2,ok,1,1,batch_s04
496,BATCH_s04_img_9900.jpg,3668,1628,3,ok,1,1,batch_s04
497,BATCH_s04_img_9740.jpg,3668,1628,4,ok,1,1,batch_s04
498,batch_01_frame_0.jpg,3840,2160,1,ok,1,1,batch_01
499,batch_01_frame_29.jpg,3840,2160,3,ok,1,1,batch_01
500,batch_01_frame_24.jpg,3840,2160,6,ok,1,1,batch_01
501,batch_01_frame_2.jpg,3840,2160,6,ok,1,1,batch_01
502,batch_01_frame_35.jpg,3840,2160,6,ok,1,1,batch_01
503,batch_01_frame_7.jpg,3840,2160,6,ok,1,1,batch_01
504,batch_01_frame_26.jpg,3840,2160,5,ok,1,1,batch_01
505,batch_01_frame_28.jpg,3840,2160,3,ok,1,1,batch_01
506,batch_01_frame_14.jpg,3840,2160,5,ok,1,1,batch_01
507,batch_01_frame_32.jpg,3840,2160,4,ok,1,1,batch_01
508,batch_01_frame_20.jpg,3840,2160,1,ok,1,1,batch_01
509,batch_01_frame_4.jpg,3840,2160,4,ok,1,1,batch_01
510,batch_01_frame_31.jpg,3840,2160,5,ok,1,1,batch_01
511,batch_01_frame_13.jpg,3840,2160,2,ok,1,1,batch_01
512,batch_01_frame_21.jpg,3840,2160,2,ok,1,1,batch_01
513,batch_01_frame_27.jpg,3840,2160,4,ok,1,1,batch_01
514,batch_01_frame_22.jpg,3840,2160,1,ok,1,1,batch_01
515,batch_01_frame_25.jpg,3840,2160,5,ok,1,1,batch_01
516,batch_01_frame_10.jpg,3840,2160,10,ok,1,1,batch_01
517,batch_01_frame_3.jpg,3840,2160,6,ok,1,1,batch_01
518,batch_01_frame_8.jpg,3840,2160,7,ok,1,1,batch_01
519,batch_01_frame_6.jpg,3840,2160,5,ok,1,1,batch_01
520,batch_01_frame_5.jpg,3840,2160,2,ok,1,1,batch_01
521,batch_01_frame_30.jpg,3840,2160,6,ok,1,1,batch_01
522,batch_01_frame_17.jpg,3840,2160,2,ok,1,1,batch_01
523,batch_01_frame_12.jpg,3840,2160,12,ok,1,1,batch_01
524,batch_01_frame_15.jpg,3840,2160,3,ok,1,1,batch_01
525,batch_01_frame_18.jpg,3840,2160,2,ok,1,1,batch_01
526,batch_01_frame_23.jpg,3840,2160,5,ok,1,1,batch_01
527,batch_01_frame_11.jpg,3840,2160,5,ok,1,1,batch_01
528,batch_01_frame_19.jpg,3840,2160,1,ok,1,1,batch_01
529,batch_01_frame_9.jpg,3840,2160,8,ok,1,1,batch_01
530,batch_01_frame_33.jpg,3840,2160,5,ok,1,1,batch_01
531,batch_01_frame_16.jpg,3840,2160,3,ok,1,1,batch_01
532,batch_01_frame_34.jpg,3840,2160,6,ok,1,1,batch_01
533,batch_01_frame_1.jpg,3840,2160,11,ok,1,1,batch_01
534,batch_s01_img_2800.jpg,3668,1628,1,ok,1,1,batch_s01
535,batch_s01_img_1560.jpg,3668,1628,5,ok,1,1,batch_s01
536,batch_s01_img_1440.jpg,3668,1628,7,ok,1,1,batch_s01
537,batch_s01_img_3100.jpg,3668,1628,2,ok,1,1,batch_s01
538,batch_s01_img_1920.jpg,3668,1628,1,ok,1,1,batch_s01
539,batch_s01_img_1160.jpg,3668,1628,6,ok,1,1,batch_s01
540,batch_s01_img_2720.jpg,3668,1628,3,ok,1,1,batch_s01
541,batch_s01_img_540.jpg,3668,1628,3,ok,1,1,batch_s01
542,batch_s01_img_2580.jpg,3668,1628,1,ok,1,1,batch_s01
543,batch_s01_img_2980.jpg,3668,1628,2,ok,1,1,batch_s01
544,batch_s01_img_2300.jpg,3668,1628,4,ok,1,1,batch_s01
545,batch_s01_img_680.jpg,3668,1628,3,ok,1,1,batch_s01
546,batch_s01_img_980.jpg,3668,1628,9,ok,1,1,batch_s01
547,batch_s01_img_2440.jpg,3668,1628,2,ok,1,1,batch_s01
548,batch_s01_img_800.jpg,3668,1628,3,ok,1,1,batch_s01
549,batch_s01_img_1700.jpg,3668,1628,4,ok,1,1,batch_s01
550,batch_s01_img_400.jpg,3668,1628,2,ok,1,1,batch_s01
551,batch_s01_img_2960.jpg,3668,1628,2,ok,1,1,batch_s01
552,batch_s01_img_1320.jpg,3668,1628,3,ok,1,1,batch_s01
553,batch_s01_img_2880.jpg,3668,1628,3,ok,1,1,batch_s01
554,batch_s01_img_460.jpg,3668,1628,2,ok,1,1,batch_s01
555,batch_s01_img_1660.jpg,3668,1628,7,ok,1,1,batch_s01
556,batch_s01_img_2780.jpg,3668,1628,1,ok,1,1,batch_s01
557,batch_s01_img_2360.jpg,3668,1628,4,ok,1,1,batch_s01
558,batch_s01_img_2220.jpg,3668,1628,2,ok,1,1,batch_s01
559,batch_s01_img_2740.jpg,3668,1628,1,ok,1,1,batch_s01
560,batch_s01_img_1060.jpg,3668,1628,7,ok,1,1,batch_s01
561,batch_s01_img_1760.jpg,3668,1628,3,ok,1,1,batch_s01
562,batch_s01_img_620.jpg,3668,1628,2,ok,1,1,batch_s01
563,batch_s01_img_2680.jpg,3668,1628,2,ok,1,1,batch_s01
564,batch_s01_img_2920.jpg,3668,1628,4,ok,1,1,batch_s01
565,batch_s01_img_2080.jpg,3668,1628,1,ok,1,1,batch_s01
566,batch_s01_img_1240.jpg,3668,1628,4,ok,1,1,batch_s01
567,batch_s01_img_860.jpg,3668,1628,5,ok,1,1,batch_s01
568,BATCH_d06_img_2700.jpg,3840,2160,2,ok,1,1,batch_d06
569,BATCH_d06_img_3100.jpg,3840,2160,5,ok,1,1,batch_d06
570,BATCH_d06_img_1270.jpg,3840,2160,12,ok,1,1,batch_d06
571,BATCH_d06_img_2400.jpg,3840,2160,5,ok,1,1,batch_d06
572,BATCH_d06_img_3180.jpg,3840,2160,4,ok,1,1,batch_d06
573,BATCH_d06_img_3040.jpg,3840,2160,3,ok,1,1,batch_d06
574,BATCH_d06_img_2840.jpg,3840,2160,1,ok,1,1,batch_d06
575,BATCH_d06_img_1390.jpg,3840,2160,17,ok,1,1,batch_d06
576,BATCH_d06_img_2320.jpg,3840,2160,2,ok,1,1,batch_d06
577,BATCH_d06_img_2540.jpg,3840,2160,5,ok,1,1,batch_d06
578,BATCH_d06_img_3340.jpg,3840,2160,4,ok,1,1,batch_d06
579,BATCH_d06_img_1660.jpg,3840,2160,9,ok,1,1,batch_d06
580,BATCH_d06_img_2260.jpg,3840,2160,1,ok,1,1,batch_d06
581,BATCH_d06_img_3220.jpg,3840,2160,5,ok,1,1,batch_d06
582,BATCH_d06_img_2360.jpg,3840,2160,3,ok,1,1,batch_d06
583,BATCH_d06_img_1140.jpg,3840,2160,12,ok,1,1,batch_d06
584,BATCH_d06_img_0.jpg,3840,2160,5,ok,1,1,batch_d06
585,BATCH_d06_img_3280.jpg,3840,2160,7,ok,1,1,batch_d06
586,BATCH_d06_img_270.jpg,3840,2160,7,ok,1,1,batch_d06
587,BATCH_d06_img_1750.jpg,3840,2160,6,ok,1,1,batch_d06
588,BATCH_d06_img_2500.jpg,3840,2160,6,ok,1,1,batch_d06
589,BATCH_d06_img_1500.jpg,3840,2160,17,ok,1,1,batch_d06
590,BATCH_d06_img_3360.jpg,3840,2160,4,ok,1,1,batch_d06
591,BATCH_d06_img_130.jpg,3840,2160,6,ok,1,1,batch_d06
592,BATCH_d06_img_1640.jpg,3840,2160,8,ok,1,1,batch_d06
593,BATCH_d06_img_1790.jpg,3840,2160,2,ok,1,1,batch_d06
594,BATCH_d06_img_1440.jpg,3840,2160,18,ok,1,1,batch_d06
595,DJI_0010.JPG,4056,3040,26,multiple_frames_requires_review,1,2,unverified_dji
596,BATCH_d06_img_1050.jpg,3840,2160,16,ok,1,1,batch_d06
597,BATCH_d06_img_2940.jpg,3840,2160,1,ok,1,1,batch_d06
598,BATCH_d06_img_830.jpg,3840,2160,10,ok,1,1,batch_d06
599,BATCH_d06_img_1580.jpg,3840,2160,12,ok,1,1,batch_d06
600,BATCH_d06_img_920.jpg,3840,2160,12,ok,1,1,batch_d06
601,BATCH_d06_img_200.jpg,3840,2160,5,ok,1,1,batch_d06
602,BATCH_d06_img_710.jpg,3840,2160,5,ok,1,1,batch_d06
603,BATCH_d06_img_3120.jpg,3840,2160,5,ok,1,1,batch_d06
604,BATCH_d06_img_380.jpg,3840,2160,4,ok,1,1,batch_d06
605,DJI_0009.JPG,4056,3040,26,multiple_frames_requires_review,1,2,unverified_dji
606,batch_03_img_3160.jpg,3840,2160,1,ok,1,1,batch_03
607,batch_03_img_3660.jpg,3840,2160,1,ok,1,1,batch_03
608,batch_03_img_3340.jpg,3840,2160,2,ok,1,1,batch_03
609,batch_03_img_2480.jpg,3840,2160,2,ok,1,1,batch_03
610,batch_03_img_600.jpg,3840,2160,2,ok,1,1,batch_03
611,batch_03_img_1560.jpg,3840,2160,2,ok,1,1,batch_03
612,batch_03_img_720.jpg,3840,2160,2,ok,1,1,batch_03
613,batch_03_img_2720.jpg,3840,2160,10,ok,1,1,batch_03
614,batch_03_img_3020.jpg,3840,2160,9,ok,1,1,batch_03
615,batch_03_img_1920.jpg,3840,2160,2,ok,1,1,batch_03
616,batch_03_img_820.jpg,3840,2160,2,ok,1,1,batch_03
617,batch_03_img_2920.jpg,3840,2160,10,ok,1,1,batch_03
618,batch_03_img_1740.jpg,3840,2160,4,ok,1,1,batch_03
619,batch_03_img_1280.jpg,3840,2160,3,ok,1,1,batch_03
620,batch_03_img_2180.jpg,3840,2160,8,ok,1,1,batch_03
621,batch_03_img_2100.jpg,3840,2160,4,ok,1,1,batch_03
622,batch_03_img_660.jpg,3840,2160,3,ok,1,1,batch_03
623,batch_03_img_3380.jpg,3840,2160,1,ok,1,1,batch_03
624,batch_03_img_3740.jpg,3840,2160,1,ok,1,1,batch_03
625,batch_03_img_2160.jpg,3840,2160,10,ok,1,1,batch_03
626,batch_03_img_3120.jpg,3840,2160,9,ok,1,1,batch_03
627,batch_04_img_2240.jpg,3840,2160,1,ok,1,1,batch_04
628,batch_04_img_1820.jpg,3840,2160,7,ok,1,1,batch_04
629,batch_04_img_3320.jpg,3840,2160,2,ok,1,1,batch_04
630,batch_04_img_3600.jpg,3840,2160,2,ok,1,1,batch_04
631,batch_04_img_4580.jpg,3840,2160,3,ok,1,1,batch_04
632,batch_04_img_260.jpg,3840,2160,2,ok,1,1,batch_04
633,batch_04_img_3360.jpg,3840,2160,1,ok,1,1,batch_04
634,batch_04_img_1780.jpg,3840,2160,6,ok,1,1,batch_04
635,batch_04_img_3720.jpg,3840,2160,1,ok,1,1,batch_04
636,batch_04_img_2420.jpg,3840,2160,5,ok,1,1,batch_04
637,batch_04_img_2560.jpg,3840,2160,5,ok,1,1,batch_04
638,batch_04_img_4620.jpg,3840,2160,1,ok,1,1,batch_04
639,batch_04_img_4660.jpg,3840,2160,3,ok,1,1,batch_04
640,batch_04_img_4400.jpg,3840,2160,4,ok,1,1,batch_04
641,batch_04_img_2020.jpg,3840,2160,2,ok,1,1,batch_04
642,batch_04_img_1660.jpg,3840,2160,5,ok,1,1,batch_04
643,batch_04_img_4240.jpg,3840,2160,2,ok,1,1,batch_04
644,batch_04_img_1520.jpg,3840,2160,3,ok,1,1,batch_04
645,batch_04_img_1180.jpg,3840,2160,3,ok,1,1,batch_04
646,batch_04_img_2300.jpg,3840,2160,2,ok,1,1,batch_04
647,batch_04_img_3400.jpg,3840,2160,1,ok,1,1,batch_04
648,batch_04_img_4480.jpg,3840,2160,1,ok,1,1,batch_04
649,batch_04_img_4180.jpg,3840,2160,4,ok,1,1,batch_04
650,batch_04_img_3180.jpg,3840,2160,2,ok,1,1,batch_04
651,batch_04_img_720.jpg,3840,2160,2,ok,1,1,batch_04
652,batch_04_img_3760.jpg,3840,2160,2,ok,1,1,batch_04
653,batch_04_img_1940.jpg,3840,2160,3,ok,1,1,batch_04
654,batch_04_img_980.jpg,3840,2160,1,ok,1,1,batch_04
655,batch_04_img_1560.jpg,3840,2160,3,ok,1,1,batch_04
656,batch_04_img_140.jpg,3840,2160,12,ok,1,1,batch_04
657,batch_04_img_4080.jpg,3840,2160,2,ok,1,1,batch_04
658,batch_04_img_3340.jpg,3840,2160,1,ok,1,1,batch_04
659,batch_04_img_1320.jpg,3840,2160,3,ok,1,1,batch_04
660,batch_04_img_2780.jpg,3840,2160,4,ok,1,1,batch_04
661,batch_04_img_1620.jpg,3840,2160,4,ok,1,1,batch_04
662,batch_04_img_2900.jpg,3840,2160,4,ok,1,1,batch_04
663,batch_04_img_4340.jpg,3840,2160,5,ok,1,1,batch_04
664,batch_04_img_2080.jpg,3840,2160,2,ok,1,1,batch_04
665,batch_04_img_4540.jpg,3840,2160,1,ok,1,1,batch_04
666,batch_04_img_4300.jpg,3840,2160,2,ok,1,1,batch_04
667,batch_04_img_1640.jpg,3840,2160,5,ok,1,1,batch_04
668,batch_04_img_2860.jpg,3840,2160,3,ok,1,1,batch_04
669,batch_04_img_680.jpg,3840,2160,2,ok,1,1,batch_04
670,batch_04_img_1140.jpg,3840,2160,2,ok,1,1,batch_04
671,batch_04_img_1260.jpg,3840,2160,3,ok,1,1,batch_04
672,batch_04_img_1020.jpg,3840,2160,3,ok,1,1,batch_04
673,batch_04_img_2140.jpg,3840,2160,2,ok,1,1,batch_04
674,batch_04_img_1400.jpg,3840,2160,5,ok,1,1,batch_04
675,batch_04_img_3680.jpg,3840,2160,2,ok,1,1,batch_04
676,batch_04_img_4140.jpg,3840,2160,3,ok,1,1,batch_04
677,batch_04_img_1120.jpg,3840,2160,3,ok,1,1,batch_04
678,batch_04_img_3800.jpg,3840,2160,3,ok,1,1,batch_04
679,batch_04_img_840.jpg,3840,2160,1,ok,1,1,batch_04
680,batch_04_img_3080.jpg,3840,2160,1,ok,1,1,batch_04
681,BATCH_s05_img_6580.jpg,3668,1628,3,ok,1,1,batch_s05
682,BATCH_s05_img_8100.jpg,3668,1628,3,ok,1,1,batch_s05
683,BATCH_s05_img_3940.jpg,3668,1628,4,ok,1,1,batch_s05
684,BATCH_s05_img_5990.jpg,3668,1628,3,ok,1,1,batch_s05
685,BATCH_s05_img_7690.jpg,3668,1628,1,ok,1,1,batch_s05
686,BATCH_s05_img_8800.jpg,3668,1628,4,ok,1,1,batch_s05
687,BATCH_s05_img_9400.jpg,3668,1628,10,ok,1,1,batch_s05
688,BATCH_s05_img_9690.jpg,3668,1628,1,ok,1,1,batch_s05
689,BATCH_s05_img_5230.jpg,3668,1628,1,ok,1,1,batch_s05
690,BATCH_s05_img_11130.jpg,3668,1628,19,ok,1,1,batch_s05
691,BATCH_s05_img_6050.jpg,3668,1628,2,ok,1,1,batch_s05
692,BATCH_s05_img_11210.jpg,3668,1628,18,ok,1,1,batch_s05
693,BATCH_s05_img_5740.jpg,3668,1628,2,ok,1,1,batch_s05
694,BATCH_s05_img_7600.jpg,3668,1628,2,ok,1,1,batch_s05
695,BATCH_s05_img_9220.jpg,3668,1628,9,ok,1,1,batch_s05
696,BATCH_s05_img_1610.jpg,3668,1628,2,ok,1,1,batch_s05
697,BATCH_s05_img_9470.jpg,3668,1628,7,ok,1,1,batch_s05
698,BATCH_s05_img_510.jpg,3668,1628,1,ok,1,1,batch_s05
699,BATCH_s05_img_7460.jpg,3668,1628,6,ok,1,1,batch_s05
700,BATCH_s05_img_8470.jpg,3668,1628,2,ok,1,1,batch_s05
701,BATCH_s05_img_11050.jpg,3668,1628,11,ok,1,1,batch_s05
702,BATCH_s05_img_210.jpg,3668,1628,2,ok,1,1,batch_s05
703,BATCH_s05_img_4250.jpg,3668,1628,1,ok,1,1,batch_s05
704,BATCH_s05_img_5660.jpg,3668,1628,4,ok,1,1,batch_s05
705,BATCH_s05_img_9110.jpg,3668,1628,10,ok,1,1,batch_s05
706,BATCH_s05_img_9010.jpg,3668,1628,7,ok,1,1,batch_s05
707,BATCH_s05_img_7260.jpg,3668,1628,1,ok,1,1,batch_s05
708,BATCH_s05_img_3790.jpg,3668,1628,2,ok,1,1,batch_s05
709,BATCH_s05_img_2630.jpg,3668,1628,1,ok,1,1,batch_s05
710,BATCH_s05_img_8950.jpg,3668,1628,4,ok,1,1,batch_s05
711,BATCH_s05_img_5590.jpg,3668,1628,3,ok,1,1,batch_s05
712,BATCH_s05_img_3520.jpg,3668,1628,5,ok,1,1,batch_s05
713,BATCH_s05_img_7940.jpg,3668,1628,1,ok,1,1,batch_s05
714,BATCH_s05_img_8070.jpg,3668,1628,1,ok,1,1,batch_s05
715,BATCH_s05_img_6490.jpg,3668,1628,1,ok,1,1,batch_s05
716,BATCH_d08_img_2810.jpg,3840,2160,2,ok,1,1,batch_d08
717,BATCH_d08_img_520.jpg,3840,2160,2,ok,1,1,batch_d08
718,BATCH_d08_img_580.jpg,3840,2160,4,ok,1,1,batch_d08
719,BATCH_d08_img_1420.jpg,3840,2160,5,ok,1,1,batch_d08
720,BATCH_d08_img_4340.jpg,3840,2160,3,ok,1,1,batch_d08
721,BATCH_d08_img_820.jpg,3840,2160,3,ok,1,1,batch_d08
722,BATCH_d08_img_2580.jpg,3840,2160,2,ok,1,1,batch_d08
723,BATCH_d08_img_490.jpg,3840,2160,2,ok,1,1,batch_d08
724,BATCH_d08_img_1030.jpg,3840,2160,10,ok,1,1,batch_d08
725,BATCH_d08_img_5400.jpg,3840,2160,7,ok,1,1,batch_d08
726,BATCH_d08_img_3090.jpg,3840,2160,2,ok,1,1,batch_d08
727,BATCH_d08_img_4070.jpg,3840,2160,3,ok,1,1,batch_d08
728,BATCH_d08_img_1760.jpg,3840,2160,1,ok,1,1,batch_d08
729,BATCH_d08_img_3000.jpg,3840,2160,2,ok,1,1,batch_d08
730,BATCH_d08_img_4850.jpg,3840,2160,4,ok,1,1,batch_d08
731,BATCH_d08_img_2890.jpg,3840,2160,6,ok,1,1,batch_d08
732,BATCH_d08_img_1300.jpg,3840,2160,4,ok,1,1,batch_d08
733,BATCH_d08_img_5300.jpg,3840,2160,7,ok,1,1,batch_d08
734,BATCH_d08_img_4520.jpg,3840,2160,2,ok,1,1,batch_d08
735,BATCH_d08_img_4220.jpg,3840,2160,3,ok,1,1,batch_d08
736,BATCH_d08_img_2640.jpg,3840,2160,4,ok,1,1,batch_d08
737,BATCH_d08_img_710.jpg,3840,2160,1,ok,1,1,batch_d08
738,BATCH_d08_img_4290.jpg,3840,2160,4,ok,1,1,batch_d08
739,BATCH_d08_img_3950.jpg,3840,2160,4,ok,1,1,batch_d08
740,BATCH_d08_img_3130.jpg,3840,2160,3,ok,1,1,batch_d08
741,BATCH_d08_img_1590.jpg,3840,2160,2,ok,1,1,batch_d08
742,BATCH_d08_img_4460.jpg,3840,2160,2,ok,1,1,batch_d08
743,BATCH_d08_img_350.jpg,3840,2160,1,ok,1,1,batch_d08
744,BATCH_d08_img_5040.jpg,3840,2160,4,ok,1,1,batch_d08
745,BATCH_d08_img_4420.jpg,3840,2160,2,ok,1,1,batch_d08
746,BATCH_d08_img_4640.jpg,3840,2160,3,ok,1,1,batch_d08
747,BATCH_d08_img_3050.jpg,3840,2160,3,ok,1,1,batch_d08
748,BATCH_d08_img_2210.jpg,3840,2160,2,ok,1,1,batch_d08
749,BATCH_d08_img_1260.jpg,3840,2160,6,ok,1,1,batch_d08
750,BATCH_d08_img_2850.jpg,3840,2160,6,ok,1,1,batch_d08
751,BATCH_d08_img_4050.jpg,3840,2160,2,ok,1,1,batch_d08
752,BATCH_d08_img_5120.jpg,3840,2160,7,ok,1,1,batch_d08
753,BATCH_d08_img_950.jpg,3840,2160,3,ok,1,1,batch_d08
754,BATCH_d08_img_1630.jpg,3840,2160,2,ok,1,1,batch_d08
755,BATCH_d08_img_990.jpg,3840,2160,9,ok,1,1,batch_d08
756,BATCH_d08_img_660.jpg,3840,2160,2,ok,1,1,batch_d08
757,BATCH_d08_img_1510.jpg,3840,2160,1,ok,1,1,batch_d08
758,BATCH_d08_img_2280.jpg,3840,2160,2,ok,1,1,batch_d08
759,BATCH_d08_img_590.jpg,3840,2160,3,ok,1,1,batch_d08
760,BATCH_d08_img_390.jpg,3840,2160,2,ok,1,1,batch_d08
761,BATCH_d08_img_2500.jpg,3840,2160,1,ok,1,1,batch_d08
762,BATCH_d08_img_1210.jpg,3840,2160,6,ok,1,1,batch_d08
763,BATCH_d08_img_440.jpg,3840,2160,2,ok,1,1,batch_d08
764,BATCH_d08_img_4600.jpg,3840,2160,1,ok,1,1,batch_d08
765,BATCH_d08_img_5050.jpg,3840,2160,5,ok,1,1,batch_d08
766,BATCH_d08_img_1360.jpg,3840,2160,5,ok,1,1,batch_d08
767,BATCH_d08_img_4150.jpg,3840,2160,3,ok,1,1,batch_d08
768,BATCH_d08_img_3190.jpg,3840,2160,1,ok,1,1,batch_d08
769,BATCH_d08_img_5470.jpg,3840,2160,7,ok,1,1,batch_d08
770,BATCH_d08_img_4700.jpg,3840,2160,3,ok,1,1,batch_d08
771,BATCH_d08_img_1060.jpg,3840,2160,5,ok,1,1,batch_d08
