image_id,group_id,file_name,basis
0,batch_d07,BATCH_d07_img_6400.jpg,filename_heuristic_unverified
1,batch_d07,BATCH_d07_img_580.jpg,filename_heuristic_unverified
2,batch_d07,BATCH_d07_img_2380.jpg,filename_heuristic_unverified
3,batch_d07,BATCH_d07_img_880.jpg,filename_heuristic_unverified
4,batch_d07,BATCH_d07_img_4550.jpg,filename_heuristic_unverified
5,batch_d07,BATCH_d07_img_410.jpg,filename_heuristic_unverified
6,batch_d07,BATCH_d07_img_6030.jpg,filename_heuristic_unverified
7,batch_d07,BATCH_d07_img_3470.jpg,filename_heuristic_unverified
8,batch_d07,BATCH_d07_img_6970.jpg,filename_heuristic_unverified
9,batch_d07,BATCH_d07_img_5110.jpg,filename_heuristic_unverified
10,batch_d07,BATCH_d07_img_1250.jpg,filename_heuristic_unverified
11,batch_d07,BATCH_d07_img_450.jpg,filename_heuristic_unverified
12,batch_d07,BATCH_d07_img_2760.jpg,filename_heuristic_unverified
13,batch_d07,BATCH_d07_img_2340.jpg,filename_heuristic_unverified
14,batch_d07,BATCH_d07_img_610.jpg,filename_heuristic_unverified
15,batch_d07,BATCH_d07_img_2080.jpg,filename_heuristic_unverified
16,batch_d07,BATCH_d07_img_7260.jpg,filename_heuristic_unverified
17,batch_d07,BATCH_d07_img_2930.jpg,filename_heuristic_unverified
18,batch_d07,BATCH_d07_img_4370.jpg,filename_heuristic_unverified
19,batch_d07,BATCH_d07_img_1760.jpg,filename_heuristic_unverified
20,batch_d07,BATCH_d07_img_4730.jpg,filename_heuristic_unverified
21,batch_d07,BATCH_d07_img_1700.jpg,filename_heuristic_unverified
22,batch_d07,BATCH_d07_img_4670.jpg,filename_heuristic_unverified
23,batch_d07,BATCH_d07_img_1390.jpg,filename_heuristic_unverified
24,batch_d07,BATCH_d07_img_360.jpg,filename_heuristic_unverified
25,batch_d07,BATCH_d07_img_600.jpg,filename_heuristic_unverified
26,batch_d07,BATCH_d07_img_1120.jpg,filename_heuristic_unverified
27,batch_d07,BATCH_d07_img_510.jpg,filename_heuristic_unverified
28,batch_d07,BATCH_d07_img_6520.jpg,filename_heuristic_unverified
29,batch_d07,BATCH_d07_img_2670.jpg,filename_heuristic_unverified
30,batch_d07,BATCH_d07_img_2500.jpg,filename_heuristic_unverified
31,batch_d07,BATCH_d07_img_3010.jpg,filename_heuristic_unverified
32,batch_d07,BATCH_d07_img_2820.jpg,filename_heuristic_unverified
33,batch_d07,BATCH_d07_img_3330.jpg,filename_heuristic_unverified
34,batch_d07,BATCH_d07_img_650.jpg,filename_heuristic_unverified
35,batch_d07,BATCH_d07_img_6110.jpg,filename_heuristic_unverified
36,batch_d07,BATCH_d07_img_6230.jpg,filename_heuristic_unverified
37,batch_d07,BATCH_d07_img_5020.jpg,filename_heuristic_unverified
38,batch_d07,BATCH_d07_img_4430.jpg,filename_heuristic_unverified
39,batch_d07,BATCH_d07_img_4720.jpg,filename_heuristic_unverified
40,batch_d07,BATCH_d07_img_2220.jpg,filename_heuristic_unverified
41,batch_d07,BATCH_d07_img_1010.jpg,filename_heuristic_unverified
42,batch_d07,BATCH_d07_img_4880.jpg,filename_heuristic_unverified
43,batch_d07,BATCH_d07_img_5380.jpg,filename_heuristic_unverified
44,batch_d07,BATCH_d07_img_3860.jpg,filename_heuristic_unverified
45,batch_d07,BATCH_d07_img_5470.jpg,filename_heuristic_unverified
46,batch_d07,BATCH_d07_img_5780.jpg,filename_heuristic_unverified
47,batch_d07,BATCH_d07_img_5210.jpg,filename_heuristic_unverified
48,batch_d07,BATCH_d07_img_5960.jpg,filename_heuristic_unverified
49,batch_d07,BATCH_d07_img_320.jpg,filename_heuristic_unverified
50,batch_d07,BATCH_d07_img_5400.jpg,filename_heuristic_unverified
51,batch_d07,BATCH_d07_img_1450.jpg,filename_heuristic_unverified
52,batch_d07,BATCH_d07_img_3270.jpg,filename_heuristic_unverified
53,batch_d07,BATCH_d07_img_2310.jpg,filename_heuristic_unverified
54,batch_d07,BATCH_d07_img_3380.jpg,filename_heuristic_unverified
55,batch_d07,BATCH_d07_img_1830.jpg,filename_heuristic_unverified
56,batch_d07,BATCH_d07_img_5980.jpg,filename_heuristic_unverified
57,batch_d07,BATCH_d07_img_3170.jpg,filename_heuristic_unverified
58,batch_d07,BATCH_d07_img_4480.jpg,filename_heuristic_unverified
59,batch_d07,BATCH_d07_img_6200.jpg,filename_heuristic_unverified
60,batch_d07,BATCH_d07_img_460.jpg,filename_heuristic_unverified
61,batch_d07,BATCH_d07_img_6320.jpg,filename_heuristic_unverified
62,batch_d07,BATCH_d07_img_2960.jpg,filename_heuristic_unverified
63,batch_d07,BATCH_d07_img_4610.jpg,filename_heuristic_unverified
64,batch_d07,BATCH_d07_img_810.jpg,filename_heuristic_unverified
65,batch_d07,BATCH_d07_img_2270.jpg,filename_heuristic_unverified
66,batch_d07,BATCH_d07_img_1550.jpg,filename_heuristic_unverified
67,batch_d07,BATCH_d07_img_4920.jpg,filename_heuristic_unverified
68,batch_d07,BATCH_d07_img_950.jpg,filename_heuristic_unverified
69,batch_d07,BATCH_d07_img_6020.jpg,filename_heuristic_unverified
70,batch_d07,BATCH_d07_img_1650.jpg,filename_heuristic_unverified
71,batch_d07,BATCH_d07_img_6800.jpg,filename_heuristic_unverified
72,batch_d07,BATCH_d07_img_1610.jpg,filename_heuristic_unverified
73,batch_d07,BATCH_d07_img_5900.jpg,filename_heuristic_unverified
74,batch_d07,BATCH_d07_img_6160.jpg,filename_heuristic_unverified
75,batch_d07,BATCH_d07_img_1500.jpg,filename_heuristic_unverified
76,batch_d07,BATCH_d07_img_4760.jpg,filename_heuristic_unverified
77,batch_d07,BATCH_d07_img_1160.jpg,filename_heuristic_unverified
78,batch_d07,BATCH_d07_img_7030.jpg,filename_heuristic_unverified
79,batch_d07,BATCH_d07_img_6940.jpg,filename_heuristic_unverified
80,batch_d07,BATCH_d07_img_2600.jpg,filename_heuristic_unverified
81,batch_d07,BATCH_d07_img_4970.jpg,filename_heuristic_unverified
82,batch_d07,BATCH_d07_img_6360.jpg,filename_heuristic_unverified
83,batch_d07,BATCH_d07_img_4310.jpg,filename_heuristic_unverified
84,batch_d07,BATCH_d07_img_2720.jpg,filename_heuristic_unverified
85,batch_d07,BATCH_d07_img_2520.jpg,filename_heuristic_unverified
86,batch_d07,BATCH_d07_img_2420.jpg,filename_heuristic_unverified
87,batch_d07,BATCH_d07_img_3990.jpg,filename_heuristic_unverified
88,batch_d07,BATCH_d07_img_6740.jpg,filename_heuristic_unverified
89,batch_d07,BATCH_d07_img_720.jpg,filename_heuristic_unverified
90,batch_d07,BATCH_d07_img_1330.jpg,filename_heuristic_unverified
91,batch_d07,BATCH_d07_img_5710.jpg,filename_heuristic_unverified
92,unverified_gopro,GOPR0038.JPG,filename_heuristic_unverified
93,unverified_gopro,GOPR0040.JPG,filename_heuristic_unverified
94,unverified_gopro,GOPR0032.JPG,filename_heuristic_unverified
95,unverified_gopro,GOPR0028.JPG,filename_heuristic_unverified
96,batch_s05,BATCH_s05_img_1260.jpg,filename_heuristic_unverified
97,unverified_gopro,GOPR0035.JPG,filename_heuristic_unverified
98,batch_s05,BATCH_s05_img_1940.jpg,filename_heuristic_unverified
99,unverified_camera,camera_img_1.jpg,filename_heuristic_unverified
100,unverified_gopro,GOPR0030.JPG,filename_heuristic_unverified
101,unverified_gopro,GOPR0023.JPG,filename_heuristic_unverified
102,unverified_camera,camera_img_3.jpg,filename_heuristic_unverified
103,unverified_gopro,GOPR0056.JPG,filename_heuristic_unverified
104,unverified_gopro,GOPR0048.JPG,filename_heuristic_unverified
105,unverified_gopro,GOPR0041.JPG,filename_heuristic_unverified
106,unverified_camera,camera_img_2.jpg,filename_heuristic_unverified
107,unverified_photo,photo_2020-10-23_14-02-02.jpg,filename_heuristic_unverified
108,unverified_gopro,GOPR0039.JPG,filename_heuristic_unverified
109,unverified_gopro,GOPR0021.JPG,filename_heuristic_unverified
110,unverified_gopro,GOPR0043.JPG,filename_heuristic_unverified
111,unverified_gopro,GOPR0026.JPG,filename_heuristic_unverified
112,unverified_gopro,GOPR0050.JPG,filename_heuristic_unverified
113,unverified_gopro,GOPR0046.JPG,filename_heuristic_unverified
114,unverified_gopro,GOPR0055.JPG,filename_heuristic_unverified
115,unverified_photo,photo_2020-10-23_14-02-01.jpg,filename_heuristic_unverified
116,unverified_gopro,GOPR0033.JPG,filename_heuristic_unverified
117,unverified_gopro,GOPR0025.JPG,filename_heuristic_unverified
118,unverified_gopro,GOPR0049.JPG,filename_heuristic_unverified
119,unverified_gopro,GOPR0019.JPG,filename_heuristic_unverified
120,unverified_gopro,GOPR0024.JPG,filename_heuristic_unverified
121,unverified_gopro,GOPR0029.JPG,filename_heuristic_unverified
122,unverified_gopro,GOPR0036.JPG,filename_heuristic_unverified
123,unverified_gopro,GOPR0052.JPG,filename_heuristic_unverified
124,unverified_gopro,GOPR0027.JPG,filename_heuristic_unverified
125,unverified_gopro,GOPR0022.JPG,filename_heuristic_unverified
126,unverified_photo,photo_2020-10-23_14-02-04.jpg,filename_heuristic_unverified
127,unverified_photo,photo_2020-10-23_14-02-00.jpg,filename_heuristic_unverified
128,batch_s05,BATCH_s05_img_3590.jpg,filename_heuristic_unverified
129,batch_s05,BATCH_s05_img_1230.jpg,filename_heuristic_unverified
130,unverified_photo,photo_2020-10-23_14-02-03.jpg,filename_heuristic_unverified
131,unverified_gopro,GOPR0044.JPG,filename_heuristic_unverified
132,batch_s05,BATCH_s05_img_20.jpg,filename_heuristic_unverified
133,batch_s05,BATCH_s05_img_1960.jpg,filename_heuristic_unverified
134,batch_s05,BATCH_s05_img_2080.jpg,filename_heuristic_unverified
135,batch_s05,BATCH_s05_img_3960.jpg,filename_heuristic_unverified
136,unverified_gopro,GOPR0020.JPG,filename_heuristic_unverified
137,batch_s05,BATCH_s05_img_3500.jpg,filename_heuristic_unverified
138,unverified_gopro,GOPR0037.JPG,filename_heuristic_unverified
139,unverified_gopro,GOPR0042.JPG,filename_heuristic_unverified
140,unverified_gopro,GOPR0053.JPG,filename_heuristic_unverified
141,unverified_gopro,GOPR0047.JPG,filename_heuristic_unverified
142,unverified_gopro,GOPR0051.JPG,filename_heuristic_unverified
143,unverified_gopro,GOPR0031.JPG,filename_heuristic_unverified
144,unverified_gopro,GOPR0054.JPG,filename_heuristic_unverified
145,unverified_gopro,GOPR0045.JPG,filename_heuristic_unverified
146,unverified_gopro,GOPR0034.JPG,filename_heuristic_unverified
147,unverified_camera,camera_img_0.jpg,filename_heuristic_unverified
148,unverified_photo,photo_2020-10-23_14-02-05.jpg,filename_heuristic_unverified
149,batch_s03,BATCH_s03_img_3360.jpg,filename_heuristic_unverified
150,batch_s03,BATCH_s03_img_3200.jpg,filename_heuristic_unverified
151,batch_s03,BATCH_s03_img_3160.jpg,filename_heuristic_unverified
152,batch_s03,BATCH_s03_img_1460.jpg,filename_heuristic_unverified
153,batch_s03,BATCH_s03_img_380.jpg,filename_heuristic_unverified
154,batch_s03,BATCH_s03_img_3660.jpg,filename_heuristic_unverified
155,batch_s03,BATCH_s03_img_1100.jpg,filename_heuristic_unverified
156,batch_s03,BATCH_s03_img_440.jpg,filename_heuristic_unverified
157,batch_s03,BATCH_s03_img_4300.jpg,filename_heuristic_unverified
158,batch_s03,BATCH_s03_img_3120.jpg,filename_heuristic_unverified
159,batch_s03,BATCH_s03_img_3040.jpg,filename_heuristic_unverified
160,batch_s03,BATCH_s03_img_3540.jpg,filename_heuristic_unverified
161,batch_s03,BATCH_s03_img_1320.jpg,filename_heuristic_unverified
162,batch_s03,BATCH_s03_img_3700.jpg,filename_heuristic_unverified
163,batch_s03,BATCH_s03_img_3340.jpg,filename_heuristic_unverified
164,batch_s03,BATCH_s03_img_3460.jpg,filename_heuristic_unverified
165,batch_s03,BATCH_s03_img_640.jpg,filename_heuristic_unverified
166,batch_s03,BATCH_s03_img_300.jpg,filename_heuristic_unverified
167,batch_s03,BATCH_s03_img_840.jpg,filename_heuristic_unverified
168,batch_s03,BATCH_s03_img_3780.jpg,filename_heuristic_unverified
169,batch_s03,BATCH_s03_img_2200.jpg,filename_heuristic_unverified
170,batch_s03,BATCH_s03_img_3420.jpg,filename_heuristic_unverified
171,batch_s03,BATCH_s03_img_1000.jpg,filename_heuristic_unverified
172,batch_s03,BATCH_s03_img_3640.jpg,filename_heuristic_unverified
173,batch_s03,BATCH_s03_img_1160.jpg,filename_heuristic_unverified
174,batch_s03,BATCH_s03_img_1040.jpg,filename_heuristic_unverified
175,batch_s03,BATCH_s03_img_2300.jpg,filename_heuristic_unverified
176,batch_s03,BATCH_s03_img_540.jpg,filename_heuristic_unverified
177,batch_s03,BATCH_s03_img_660.jpg,filename_heuristic_unverified
178,batch_s03,BATCH_s03_img_2800.jpg,filename_heuristic_unverified
179,batch_s03,BATCH_s03_img_3920.jpg,filename_heuristic_unverified
180,batch_s03,BATCH_s03_img_2220.jpg,filename_heuristic_unverified
181,batch_s03,BATCH_s03_img_3380.jpg,filename_heuristic_unverified
182,batch_s03,BATCH_s03_img_2160.jpg,filename_heuristic_unverified
183,batch_s03,BATCH_s03_img_1880.jpg,filename_heuristic_unverified
184,batch_s03,BATCH_s03_img_2080.jpg,filename_heuristic_unverified
185,batch_s03,BATCH_s03_img_1640.jpg,filename_heuristic_unverified
186,batch_s03,BATCH_s03_img_4160.jpg,filename_heuristic_unverified
187,batch_s03,BATCH_s03_img_1400.jpg,filename_heuristic_unverified
188,batch_s03,BATCH_s03_img_800.jpg,filename_heuristic_unverified
189,batch_s03,BATCH_s03_img_4220.jpg,filename_heuristic_unverified
190,batch_s02,batch_s02_img_114.jpg,filename_heuristic_unverified
191,batch_s02,batch_s02_img_42.jpg,filename_heuristic_unverified
192,batch_s02,batch_s02_img_91.jpg,filename_heuristic_unverified
193,batch_s02,batch_s02_img_88.jpg,filename_heuristic_unverified
194,batch_s02,batch_s02_img_27.jpg,filename_heuristic_unverified
195,batch_s02,batch_s02_img_132.jpg,filename_heuristic_unverified
196,batch_s02,batch_s02_img_126.jpg,filename_heuristic_unverified
197,batch_s02,batch_s02_img_138.jpg,filename_heuristic_unverified
198,batch_s02,batch_s02_img_135.jpg,filename_heuristic_unverified
199,batch_s02,batch_s02_img_89.jpg,filename_heuristic_unverified
200,batch_s02,batch_s02_img_54.jpg,filename_heuristic_unverified
201,batch_s02,batch_s02_img_20.jpg,filename_heuristic_unverified
202,batch_s02,batch_s02_img_67.jpg,filename_heuristic_unverified
203,batch_s02,batch_s02_img_117.jpg,filename_heuristic_unverified
204,batch_s02,batch_s02_img_14.jpg,filename_heuristic_unverified
205,batch_s02,batch_s02_img_103.jpg,filename_heuristic_unverified
206,batch_s02,batch_s02_img_60.jpg,filename_heuristic_unverified
207,batch_s02,batch_s02_img_93.jpg,filename_heuristic_unverified
208,batch_s02,batch_s02_img_40.jpg,filename_heuristic_unverified
209,batch_s02,batch_s02_img_66.jpg,filename_heuristic_unverified
210,batch_s02,batch_s02_img_37.jpg,filename_heuristic_unverified
211,batch_s02,batch_s02_img_92.jpg,filename_heuristic_unverified
212,batch_s02,batch_s02_img_15.jpg,filename_heuristic_unverified
213,batch_s02,batch_s02_img_77.jpg,filename_heuristic_unverified
214,batch_s02,batch_s02_img_25.jpg,filename_heuristic_unverified
215,batch_s02,batch_s02_img_105.jpg,filename_heuristic_unverified
216,batch_s02,batch_s02_img_127.jpg,filename_heuristic_unverified
217,batch_s02,batch_s02_img_9.jpg,filename_heuristic_unverified
218,batch_s02,batch_s02_img_44.jpg,filename_heuristic_unverified
219,batch_s02,batch_s02_img_32.jpg,filename_heuristic_unverified
220,batch_s02,batch_s02_img_150.jpg,filename_heuristic_unverified
221,batch_s02,batch_s02_img_45.jpg,filename_heuristic_unverified
222,batch_s02,batch_s02_img_61.jpg,filename_heuristic_unverified
223,batch_s02,batch_s02_img_74.jpg,filename_heuristic_unverified
224,batch_s02,batch_s02_img_111.jpg,filename_heuristic_unverified
225,batch_s02,batch_s02_img_97.jpg,filename_heuristic_unverified
226,batch_s02,batch_s02_img_131.jpg,filename_heuristic_unverified
227,batch_s02,batch_s02_img_130.jpg,filename_heuristic_unverified
228,batch_s02,batch_s02_img_124.jpg,filename_heuristic_unverified
229,batch_s02,batch_s02_img_63.jpg,filename_heuristic_unverified
230,batch_s02,batch_s02_img_55.jpg,filename_heuristic_unverified
231,batch_s02,batch_s02_img_72.jpg,filename_heuristic_unverified
232,batch_s02,batch_s02_img_29.jpg,filename_heuristic_unverified
233,batch_s02,batch_s02_img_53.jpg,filename_heuristic_unverified
234,batch_s02,batch_s02_img_98.jpg,filename_heuristic_unverified
235,batch_s02,batch_s02_img_122.jpg,filename_heuristic_unverified
236,batch_s02,batch_s02_img_24.jpg,filename_heuristic_unverified
237,batch_s02,batch_s02_img_18.jpg,filename_heuristic_unverified
238,batch_s02,batch_s02_img_73.jpg,filename_heuristic_unverified
239,batch_s02,batch_s02_img_109.jpg,filename_heuristic_unverified
240,batch_s02,batch_s02_img_125.jpg,filename_heuristic_unverified
241,batch_s02,batch_s02_img_10.jpg,filename_heuristic_unverified
242,batch_s02,batch_s02_img_0.jpg,filename_heuristic_unverified
243,batch_s02,batch_s02_img_152.jpg,filename_heuristic_unverified
244,batch_s02,batch_s02_img_69.jpg,filename_heuristic_unverified
245,batch_s02,batch_s02_img_134.jpg,filename_heuristic_unverified
246,batch_s02,batch_s02_img_3.jpg,filename_heuristic_unverified
247,batch_s02,batch_s02_img_118.jpg,filename_heuristic_unverified
248,batch_s02,batch_s02_img_5.jpg,filename_heuristic_unverified
249,batch_s02,batch_s02_img_49.jpg,filename_heuristic_unverified
250,batch_s02,batch_s02_img_71.jpg,filename_heuristic_unverified
251,batch_s02,batch_s02_img_16.jpg,filename_heuristic_unverified
252,batch_s02,batch_s02_img_19.jpg,filename_heuristic_unverified
253,batch_s02,batch_s02_img_11.jpg,filename_heuristic_unverified
254,batch_s02,batch_s02_img_94.jpg,filename_heuristic_unverified
255,batch_s02,batch_s02_img_48.jpg,filename_heuristic_unverified
256,batch_s02,batch_s02_img_85.jpg,filename_heuristic_unverified
257,batch_s02,batch_s02_img_141.jpg,filename_heuristic_unverified
258,batch_s02,batch_s02_img_86.jpg,filename_heuristic_unverified
259,batch_s02,batch_s02_img_58.jpg,filename_heuristic_unverified
260,batch_s02,batch_s02_img_81.jpg,filename_heuristic_unverified
261,batch_s02,batch_s02_img_7.jpg,filename_heuristic_unverified
262,batch_s02,batch_s02_img_13.jpg,filename_heuristic_unverified
263,batch_s02,batch_s02_img_113.jpg,filename_heuristic_unverified
264,batch_s02,batch_s02_img_84.jpg,filename_heuristic_unverified
265,batch_s02,batch_s02_img_46.jpg,filename_heuristic_unverified
266,batch_s02,batch_s02_img_140.jpg,filename_heuristic_unverified
267,batch_s02,batch_s02_img_100.jpg,filename_heuristic_unverified
268,batch_s02,batch_s02_img_142.jpg,filename_heuristic_unverified
269,batch_s02,batch_s02_img_82.jpg,filename_heuristic_unverified
270,batch_s02,batch_s02_img_107.jpg,filename_heuristic_unverified
271,batch_s02,batch_s02_img_116.jpg,filename_heuristic_unverified
272,batch_s02,batch_s02_img_8.jpg,filename_heuristic_unverified
273,batch_s02,batch_s02_img_90.jpg,filename_heuristic_unverified
274,batch_s02,batch_s02_img_119.jpg,filename_heuristic_unverified
275,batch_s02,batch_s02_img_83.jpg,filename_heuristic_unverified
276,batch_s02,batch_s02_img_153.jpg,filename_heuristic_unverified
277,batch_s02,batch_s02_img_148.jpg,filename_heuristic_unverified
278,batch_s02,batch_s02_img_115.jpg,filename_heuristic_unverified
279,batch_s02,batch_s02_img_35.jpg,filename_heuristic_unverified
280,batch_s02,batch_s02_img_139.jpg,filename_heuristic_unverified
281,batch_s02,batch_s02_img_76.jpg,filename_heuristic_unverified
282,batch_s02,batch_s02_img_120.jpg,filename_heuristic_unverified
283,batch_s02,batch_s02_img_146.jpg,filename_heuristic_unverified
284,batch_s02,batch_s02_img_62.jpg,filename_heuristic_unverified
285,batch_s02,batch_s02_img_102.jpg,filename_heuristic_unverified
286,batch_s02,batch_s02_img_65.jpg,filename_heuristic_unverified
287,batch_s02,batch_s02_img_155.jpg,filename_heuristic_unverified
288,batch_s02,batch_s02_img_96.jpg,filename_heuristic_unverified
289,batch_s02,batch_s02_img_75.jpg,filename_heuristic_unverified
290,batch_s02,batch_s02_img_31.jpg,filename_heuristic_unverified
291,batch_s02,batch_s02_img_101.jpg,filename_heuristic_unverified
292,batch_s02,batch_s02_img_17.jpg,filename_heuristic_unverified
293,batch_s02,batch_s02_img_108.jpg,filename_heuristic_unverified
294,batch_s02,batch_s02_img_38.jpg,filename_heuristic_unverified
295,batch_s02,batch_s02_img_87.jpg,filename_heuristic_unverified
296,batch_s02,batch_s02_img_64.jpg,filename_heuristic_unverified
297,batch_s02,batch_s02_img_28.jpg,filename_heuristic_unverified
298,batch_s02,batch_s02_img_106.jpg,filename_heuristic_unverified
299,batch_s02,batch_s02_img_156.jpg,filename_heuristic_unverified
300,batch_s02,batch_s02_img_23.jpg,filename_heuristic_unverified
301,batch_s02,batch_s02_img_133.jpg,filename_heuristic_unverified
302,batch_s02,batch_s02_img_154.jpg,filename_heuristic_unverified
303,batch_s02,batch_s02_img_22.jpg,filename_heuristic_unverified
304,batch_s02,batch_s02_img_39.jpg,filename_heuristic_unverified
305,batch_s02,batch_s02_img_110.jpg,filename_heuristic_unverified
306,batch_s02,batch_s02_img_2.jpg,filename_heuristic_unverified
307,batch_s02,batch_s02_img_12.jpg,filename_heuristic_unverified
308,batch_s02,batch_s02_img_57.jpg,filename_heuristic_unverified
309,batch_s02,batch_s02_img_78.jpg,filename_heuristic_unverified
310,batch_s02,batch_s02_img_70.jpg,filename_heuristic_unverified
311,batch_s02,batch_s02_img_34.jpg,filename_heuristic_unverified
312,batch_s02,batch_s02_img_121.jpg,filename_heuristic_unverified
313,batch_s02,batch_s02_img_21.jpg,filename_heuristic_unverified
314,batch_s02,batch_s02_img_30.jpg,filename_heuristic_unverified
315,batch_s02,batch_s02_img_129.jpg,filename_heuristic_unverified
316,batch_s02,batch_s02_img_4.jpg,filename_heuristic_unverified
317,batch_s02,batch_s02_img_1.jpg,filename_heuristic_unverified
318,batch_s02,batch_s02_img_99.jpg,filename_heuristic_unverified
319,batch_s02,batch_s02_img_143.jpg,filename_heuristic_unverified
320,batch_s02,batch_s02_img_51.jpg,filename_heuristic_unverified
321,batch_s02,batch_s02_img_6.jpg,filename_heuristic_unverified
322,batch_s02,batch_s02_img_104.jpg,filename_heuristic_unverified
323,batch_s02,batch_s02_img_147.jpg,filename_heuristic_unverified
324,batch_s02,batch_s02_img_56.jpg,filename_heuristic_unverified
325,batch_s02,batch_s02_img_123.jpg,filename_heuristic_unverified
326,batch_s02,batch_s02_img_36.jpg,filename_heuristic_unverified
327,batch_s02,batch_s02_img_33.jpg,filename_heuristic_unverified
328,batch_s02,batch_s02_img_128.jpg,filename_heuristic_unverified
329,batch_s02,batch_s02_img_43.jpg,filename_heuristic_unverified
330,batch_s02,batch_s02_img_41.jpg,filename_heuristic_unverified
331,batch_s02,batch_s02_img_68.jpg,filename_heuristic_unverified
332,batch_s02,batch_s02_img_136.jpg,filename_heuristic_unverified
333,batch_s02,batch_s02_img_151.jpg,filename_heuristic_unverified
334,batch_s02,batch_s02_img_112.jpg,filename_heuristic_unverified
335,batch_s02,batch_s02_img_80.jpg,filename_heuristic_unverified
336,batch_s02,batch_s02_img_79.jpg,filename_heuristic_unverified
337,batch_s02,batch_s02_img_95.jpg,filename_heuristic_unverified
338,batch_s02,batch_s02_img_26.jpg,filename_heuristic_unverified
339,batch_s02,batch_s02_img_144.jpg,filename_heuristic_unverified
340,batch_s02,batch_s02_img_145.jpg,filename_heuristic_unverified
341,batch_s02,batch_s02_img_59.jpg,filename_heuristic_unverified
342,batch_s02,batch_s02_img_52.jpg,filename_heuristic_unverified
343,batch_s02,batch_s02_img_137.jpg,filename_heuristic_unverified
344,batch_s02,batch_s02_img_149.jpg,filename_heuristic_unverified
345,batch_s02,batch_s02_img_50.jpg,filename_heuristic_unverified
346,batch_s02,batch_s02_img_47.jpg,filename_heuristic_unverified
347,batch_02,batch_02_img_1480.jpg,filename_heuristic_unverified
348,batch_02,batch_02_img_1400.jpg,filename_heuristic_unverified
349,batch_02,batch_02_img_3700.jpg,filename_heuristic_unverified
350,batch_02,batch_02_img_3600.jpg,filename_heuristic_unverified
351,batch_02,batch_02_img_860.jpg,filename_heuristic_unverified
352,batch_02,batch_02_img_3820.jpg,filename_heuristic_unverified
353,batch_02,batch_02_img_2500.jpg,filename_heuristic_unverified
354,batch_02,batch_02_img_340.jpg,filename_heuristic_unverified
355,batch_02,batch_02_img_3500.jpg,filename_heuristic_unverified
356,batch_02,batch_02_img_1320.jpg,filename_heuristic_unverified
357,batch_02,batch_02_img_2440.jpg,filename_heuristic_unverified
358,batch_02,batch_02_img_720.jpg,filename_heuristic_unverified
359,batch_02,batch_02_img_980.jpg,filename_heuristic_unverified
360,batch_02,batch_02_img_1560.jpg,filename_heuristic_unverified
361,batch_02,batch_02_img_2540.jpg,filename_heuristic_unverified
362,batch_02,batch_02_img_2620.jpg,filename_heuristic_unverified
363,batch_02,batch_02_img_3040.jpg,filename_heuristic_unverified
364,batch_02,batch_02_img_2000.jpg,filename_heuristic_unverified
365,batch_02,batch_02_img_2800.jpg,filename_heuristic_unverified
366,batch_02,batch_02_img_3060.jpg,filename_heuristic_unverified
367,batch_02,batch_02_img_320.jpg,filename_heuristic_unverified
368,batch_02,batch_02_img_3260.jpg,filename_heuristic_unverified
369,batch_02,batch_02_img_3780.jpg,filename_heuristic_unverified
370,batch_02,batch_02_img_2700.jpg,filename_heuristic_unverified
371,batch_02,batch_02_img_1960.jpg,filename_heuristic_unverified
372,batch_02,batch_02_img_180.jpg,filename_heuristic_unverified
373,batch_02,batch_02_img_3160.jpg,filename_heuristic_unverified
374,batch_02,batch_02_img_520.jpg,filename_heuristic_unverified
375,batch_02,batch_02_img_1460.jpg,filename_heuristic_unverified
376,batch_02,batch_02_img_360.jpg,filename_heuristic_unverified
377,batch_02,batch_02_img_580.jpg,filename_heuristic_unverified
378,batch_02,batch_02_img_960.jpg,filename_heuristic_unverified
379,batch_02,batch_02_img_2960.jpg,filename_heuristic_unverified
380,batch_02,batch_02_img_1140.jpg,filename_heuristic_unverified
381,batch_02,batch_02_img_3400.jpg,filename_heuristic_unverified
382,batch_02,batch_02_img_1680.jpg,filename_heuristic_unverified
383,batch_02,batch_02_img_1240.jpg,filename_heuristic_unverified
384,batch_02,batch_02_img_20.jpg,filename_heuristic_unverified
385,batch_02,batch_02_img_3640.jpg,filename_heuristic_unverified
386,batch_02,batch_02_img_3580.jpg,filename_heuristic_unverified
387,batch_02,batch_02_img_2360.jpg,filename_heuristic_unverified
388,batch_05,batch_05_img_4920.jpg,filename_heuristic_unverified
389,batch_05,batch_05_img_4120.jpg,filename_heuristic_unverified
390,batch_05,batch_05_img_1820.jpg,filename_heuristic_unverified
391,batch_05,batch_05_img_2180.jpg,filename_heuristic_unverified
392,batch_05,batch_05_img_4460.jpg,filename_heuristic_unverified
393,batch_05,batch_05_img_5880.jpg,filename_heuristic_unverified
394,batch_05,batch_05_img_3580.jpg,filename_heuristic_unverified
395,batch_05,batch_05_img_1540.jpg,filename_heuristic_unverified
396,batch_05,batch_05_img_1080.jpg,filename_heuristic_unverified
397,batch_05,batch_05_img_4840.jpg,filename_heuristic_unverified
398,batch_05,batch_05_img_3940.jpg,filename_heuristic_unverified
399,batch_05,batch_05_img_840.jpg,filename_heuristic_unverified
400,batch_05,batch_05_img_4500.jpg,filename_heuristic_unverified
401,batch_05,batch_05_img_5540.jpg,filename_heuristic_unverified
402,batch_05,batch_05_img_2140.jpg,filename_heuristic_unverified
403,batch_05,batch_05_img_960.jpg,filename_heuristic_unverified
404,batch_05,batch_05_img_1980.jpg,filename_heuristic_unverified
405,batch_05,batch_05_img_600.jpg,filename_heuristic_unverified
406,batch_05,batch_05_img_1060.jpg,filename_heuristic_unverified
407,batch_05,batch_05_img_4040.jpg,filename_heuristic_unverified
408,batch_05,batch_05_img_5080.jpg,filename_heuristic_unverified
409,batch_05,batch_05_img_5200.jpg,filename_heuristic_unverified
410,batch_05,batch_05_img_5980.jpg,filename_heuristic_unverified
411,batch_05,batch_05_img_1780.jpg,filename_heuristic_unverified
412,batch_05,batch_05_img_4180.jpg,filename_heuristic_unverified
413,batch_05,batch_05_img_1500.jpg,filename_heuristic_unverified
414,batch_05,batch_05_img_780.jpg,filename_heuristic_unverified
415,batch_05,batch_05_img_260.jpg,filename_heuristic_unverified
416,batch_05,batch_05_img_2220.jpg,filename_heuristic_unverified
417,batch_05,batch_05_img_1440.jpg,filename_heuristic_unverified
418,batch_05,batch_05_img_2960.jpg,filename_heuristic_unverified
419,batch_05,batch_05_img_6080.jpg,filename_heuristic_unverified
420,batch_05,batch_05_img_1620.jpg,filename_heuristic_unverified
421,batch_05,batch_05_img_5360.jpg,filename_heuristic_unverified
422,batch_05,batch_05_img_4340.jpg,filename_heuristic_unverified
423,batch_05,batch_05_img_820.jpg,filename_heuristic_unverified
424,batch_05,batch_05_img_1340.jpg,filename_heuristic_unverified
425,batch_05,batch_05_img_1160.jpg,filename_heuristic_unverified
426,batch_05,batch_05_img_1720.jpg,filename_heuristic_unverified
427,batch_05,batch_05_img_1240.jpg,filename_heuristic_unverified
428,batch_05,batch_05_img_1600.jpg,filename_heuristic_unverified
429,batch_05,batch_05_img_3040.jpg,filename_heuristic_unverified
430,batch_05,batch_05_img_3460.jpg,filename_heuristic_unverified
431,batch_05,batch_05_img_5760.jpg,filename_heuristic_unverified
432,batch_05,batch_05_img_2040.jpg,filename_heuristic_unverified
433,batch_05,batch_05_img_2360.jpg,filename_heuristic_unverified
434,batch_05,batch_05_img_5620.jpg,filename_heuristic_unverified
435,batch_05,batch_05_img_4240.jpg,filename_heuristic_unverified
436,batch_s04,BATCH_s04_img_8280.jpg,filename_heuristic_unverified
437,batch_s04,BATCH_s04_img_3600.jpg,filename_heuristic_unverified
438,batch_s04,BATCH_s04_img_3540.jpg,filename_heuristic_unverified
439,batch_s04,BATCH_s04_img_1000.jpg,filename_heuristic_unverified
440,batch_s04,BATCH_s04_img_7860.jpg,filename_heuristic_unverified
441,batch_s04,BATCH_s04_img_4640.jpg,filename_heuristic_unverified
442,batch_s04,BATCH_s04_img_8440.jpg,filename_heuristic_unverified
443,batch_s04,BATCH_s04_img_7720.jpg,filename_heuristic_unverified
444,batch_s04,BATCH_s04_img_7820.jpg,filename_heuristic_unverified
445,batch_s04,BATCH_s04_img_7220.jpg,filename_heuristic_unverified
446,batch_s04,BATCH_s04_img_3760.jpg,filename_heuristic_unverified
447,batch_s04,BATCH_s04_img_3040.jpg,filename_heuristic_unverified
448,batch_s04,BATCH_s04_img_7660.jpg,filename_heuristic_unverified
449,batch_s04,BATCH_s04_img_7240.jpg,filename_heuristic_unverified
450,batch_s04,BATCH_s04_img_9600.jpg,filename_heuristic_unverified
451,batch_s04,BATCH_s04_img_6300.jpg,filename_heuristic_unverified
452,batch_s04,BATCH_s04_img_8080.jpg,filename_heuristic_unverified
453,batch_s04,BATCH_s04_img_9440.jpg,filename_heuristic_unverified
454,batch_s04,BATCH_s04_img_5900.jpg,filename_heuristic_unverified
455,batch_s04,BATCH_s04_img_7500.jpg,filename_heuristic_unverified
456,batch_s04,BATCH_s04_img_4980.jpg,filename_heuristic_unverified
457,batch_s04,BATCH_s04_img_3400.jpg,filename_heuristic_unverified
458,batch_s04,BATCH_s04_img_6100.jpg,filename_heuristic_unverified
459,batch_s04,BATCH_s04_img_8360.jpg,filename_heuristic_unverified
460,batch_s04,BATCH_s04_img_9200.jpg,filename_heuristic_unverified
461,batch_s04,BATCH_s04_img_2920.jpg,filename_heuristic_unverified
462,batch_s04,BATCH_s04_img_9840.jpg,filename_heuristic_unverified
463,batch_s04,BATCH_s04_img_6120.jpg,filename_heuristic_unverified
464,batch_s04,BATCH_s04_img_3460.jpg,filename_heuristic_unverified
465,batch_s04,BATCH_s04_img_7320.jpg,filename_heuristic_unverified
466,batch_s04,BATCH_s04_img_2960.jpg,filename_heuristic_unverified
467,batch_s04,BATCH_s04_img_9300.jpg,filename_heuristic_unverified
468,batch_s04,BATCH_s04_img_6600.jpg,filename_heuristic_unverified
469,batch_s04,BATCH_s04_img_8600.jpg,filename_heuristic_unverified
470,batch_s04,BATCH_s04_img_5660.jpg,filename_heuristic_unverified
471,batch_s04,BATCH_s04_img_1160.jpg,filename_heuristic_unverified
472,batch_s04,BATCH_s04_img_4800.jpg,filename_heuristic_unverified
473,batch_s04,BATCH_s04_img_7080.jpg,filename_heuristic_unverified
474,batch_s04,BATCH_s04_img_5800.jpg,filename_heuristic_unverified
475,batch_s04,BATCH_s04_img_6060.jpg,filename_heuristic_unverified
476,batch_s04,BATCH_s04_img_6560.jpg,filename_heuristic_unverified
477,batch_s04,BATCH_s04_img_5840.jpg,filename_heuristic_unverified
478,batch_s04,BATCH_s04_img_5600.jpg,filename_heuristic_unverified
479,batch_s04,BATCH_s04_img_5460.jpg,filename_heuristic_unverified
480,batch_s04,BATCH_s04_img_1080.jpg,filename_heuristic_unverified
481,batch_s04,BATCH_s04_img_3320.jpg,filename_heuristic_unverified
482,batch_s04,BATCH_s04_img_7800.jpg,filename_heuristic_unverified
483,batch_s04,BATCH_s04_img_9360.jpg,filename_heuristic_unverified
484,batch_s04,BATCH_s04_img_6640.jpg,filename_heuristic_unverified
485,batch_s04,BATCH_s04_img_2640.jpg,filename_heuristic_unverified
486,batch_s04,BATCH_s04_img_7960.jpg,filename_heuristic_unverified
487,batch_s04,BATCH_s04_img_6500.jpg,filename_heuristic_unverified
488,batch_s04,BATCH_s04_img_6920.jpg,filename_heuristic_unverified
489,batch_s04,BATCH_s04_img_4160.jpg,filename_heuristic_unverified
490,batch_s04,BATCH_s04_img_1240.jpg,filename_heuristic_unverified
491,batch_s04,BATCH_s04_img_5760.jpg,filename_heuristic_unverified
492,batch_s04,BATCH_s04_img_6460.jpg,filename_heuristic_unverified
493,batch_s04,BATCH_s04_img_7380.jpg,filename_heuristic_unverified
494,batch_s04,BATCH_s04_img_4720.jpg,filename_heuristic_unverified
495,batch_s04,BATCH_s04_img_6200.jpg,filename_heuristic_unverified
496,batch_s04,BATCH_s04_img_9900.jpg,filename_heuristic_unverified
497,batch_s04,BATCH_s04_img_9740.jpg,filename_heuristic_unverified
498,batch_01,batch_01_frame_0.jpg,filename_heuristic_unverified
499,batch_01,batch_01_frame_29.jpg,filename_heuristic_unverified
500,batch_01,batch_01_frame_24.jpg,filename_heuristic_unverified
501,batch_01,batch_01_frame_2.jpg,filename_heuristic_unverified
502,batch_01,batch_01_frame_35.jpg,filename_heuristic_unverified
503,batch_01,batch_01_frame_7.jpg,filename_heuristic_unverified
504,batch_01,batch_01_frame_26.jpg,filename_heuristic_unverified
505,batch_01,batch_01_frame_28.jpg,filename_heuristic_unverified
506,batch_01,batch_01_frame_14.jpg,filename_heuristic_unverified
507,batch_01,batch_01_frame_32.jpg,filename_heuristic_unverified
508,batch_01,batch_01_frame_20.jpg,filename_heuristic_unverified
509,batch_01,batch_01_frame_4.jpg,filename_heuristic_unverified
510,batch_01,batch_01_frame_31.jpg,filename_heuristic_unverified
511,batch_01,batch_01_frame_13.jpg,filename_heuristic_unverified
512,batch_01,batch_01_frame_21.jpg,filename_heuristic_unverified
513,batch_01,batch_01_frame_27.jpg,filename_heuristic_unverified
514,batch_01,batch_01_frame_22.jpg,filename_heuristic_unverified
515,batch_01,batch_01_frame_25.jpg,filename_heuristic_unverified
516,batch_01,batch_01_frame_10.jpg,filename_heuristic_unverified
517,batch_01,batch_01_frame_3.jpg,filename_heuristic_unverified
518,batch_01,batch_01_frame_8.jpg,filename_heuristic_unverified
519,batch_01,batch_01_frame_6.jpg,filename_heuristic_unverified
520,batch_01,batch_01_frame_5.jpg,filename_heuristic_unverified
521,batch_01,batch_01_frame_30.jpg,filename_heuristic_unverified
522,batch_01,batch_01_frame_17.jpg,filename_heuristic_unverified
523,batch_01,batch_01_frame_12.jpg,filename_heuristic_unverified
524,batch_01,batch_01_frame_15.jpg,filename_heuristic_unverified
525,batch_01,batch_01_frame_18.jpg,filename_heuristic_unverified
526,batch_01,batch_01_frame_23.jpg,filename_heuristic_unverified
527,batch_01,batch_01_frame_11.jpg,filename_heuristic_unverified
528,batch_01,batch_01_frame_19.jpg,filename_heuristic_unverified
529,batch_01,batch_01_frame_9.jpg,filename_heuristic_unverified
530,batch_01,batch_01_frame_33.jpg,filename_heuristic_unverified
531,batch_01,batch_01_frame_16.jpg,filename_heuristic_unverified
532,batch_01,batch_01_frame_34.jpg,filename_heuristic_unverified
533,batch_01,batch_01_frame_1.jpg,filename_heuristic_unverified
534,batch_s01,batch_s01_img_2800.jpg,filename_heuristic_unverified
535,batch_s01,batch_s01_img_1560.jpg,filename_heuristic_unverified
536,batch_s01,batch_s01_img_1440.jpg,filename_heuristic_unverified
537,batch_s01,batch_s01_img_3100.jpg,filename_heuristic_unverified
538,batch_s01,batch_s01_img_1920.jpg,filename_heuristic_unverified
539,batch_s01,batch_s01_img_1160.jpg,filename_heuristic_unverified
540,batch_s01,batch_s01_img_2720.jpg,filename_heuristic_unverified
541,batch_s01,batch_s01_img_540.jpg,filename_heuristic_unverified
542,batch_s01,batch_s01_img_2580.jpg,filename_heuristic_unverified
543,batch_s01,batch_s01_img_2980.jpg,filename_heuristic_unverified
544,batch_s01,batch_s01_img_2300.jpg,filename_heuristic_unverified
545,batch_s01,batch_s01_img_680.jpg,filename_heuristic_unverified
546,batch_s01,batch_s01_img_980.jpg,filename_heuristic_unverified
547,batch_s01,batch_s01_img_2440.jpg,filename_heuristic_unverified
548,batch_s01,batch_s01_img_800.jpg,filename_heuristic_unverified
549,batch_s01,batch_s01_img_1700.jpg,filename_heuristic_unverified
550,batch_s01,batch_s01_img_400.jpg,filename_heuristic_unverified
551,batch_s01,batch_s01_img_2960.jpg,filename_heuristic_unverified
552,batch_s01,batch_s01_img_1320.jpg,filename_heuristic_unverified
553,batch_s01,batch_s01_img_2880.jpg,filename_heuristic_unverified
554,batch_s01,batch_s01_img_460.jpg,filename_heuristic_unverified
555,batch_s01,batch_s01_img_1660.jpg,filename_heuristic_unverified
556,batch_s01,batch_s01_img_2780.jpg,filename_heuristic_unverified
557,batch_s01,batch_s01_img_2360.jpg,filename_heuristic_unverified
558,batch_s01,batch_s01_img_2220.jpg,filename_heuristic_unverified
559,batch_s01,batch_s01_img_2740.jpg,filename_heuristic_unverified
560,batch_s01,batch_s01_img_1060.jpg,filename_heuristic_unverified
561,batch_s01,batch_s01_img_1760.jpg,filename_heuristic_unverified
562,batch_s01,batch_s01_img_620.jpg,filename_heuristic_unverified
563,batch_s01,batch_s01_img_2680.jpg,filename_heuristic_unverified
564,batch_s01,batch_s01_img_2920.jpg,filename_heuristic_unverified
565,batch_s01,batch_s01_img_2080.jpg,filename_heuristic_unverified
566,batch_s01,batch_s01_img_1240.jpg,filename_heuristic_unverified
567,batch_s01,batch_s01_img_860.jpg,filename_heuristic_unverified
568,batch_d06,BATCH_d06_img_2700.jpg,filename_heuristic_unverified
569,batch_d06,BATCH_d06_img_3100.jpg,filename_heuristic_unverified
570,batch_d06,BATCH_d06_img_1270.jpg,filename_heuristic_unverified
571,batch_d06,BATCH_d06_img_2400.jpg,filename_heuristic_unverified
572,batch_d06,BATCH_d06_img_3180.jpg,filename_heuristic_unverified
573,batch_d06,BATCH_d06_img_3040.jpg,filename_heuristic_unverified
574,batch_d06,BATCH_d06_img_2840.jpg,filename_heuristic_unverified
575,batch_d06,BATCH_d06_img_1390.jpg,filename_heuristic_unverified
576,batch_d06,BATCH_d06_img_2320.jpg,filename_heuristic_unverified
577,batch_d06,BATCH_d06_img_2540.jpg,filename_heuristic_unverified
578,batch_d06,BATCH_d06_img_3340.jpg,filename_heuristic_unverified
579,batch_d06,BATCH_d06_img_1660.jpg,filename_heuristic_unverified
580,batch_d06,BATCH_d06_img_2260.jpg,filename_heuristic_unverified
581,batch_d06,BATCH_d06_img_3220.jpg,filename_heuristic_unverified
582,batch_d06,BATCH_d06_img_2360.jpg,filename_heuristic_unverified
583,batch_d06,BATCH_d06_img_1140.jpg,filename_heuristic_unverified
584,batch_d06,BATCH_d06_img_0.jpg,filename_heuristic_unverified
585,batch_d06,BATCH_d06_img_3280.jpg,filename_heuristic_unverified
586,batch_d06,BATCH_d06_img_270.jpg,filename_heuristic_unverified
587,batch_d06,BATCH_d06_img_1750.jpg,filename_heuristic_unverified
588,batch_d06,BATCH_d06_img_2500.jpg,filename_heuristic_unverified
589,batch_d06,BATCH_d06_img_1500.jpg,filename_heuristic_unverified
590,batch_d06,BATCH_d06_img_3360.jpg,filename_heuristic_unverified
591,batch_d06,BATCH_d06_img_130.jpg,filename_heuristic_unverified
592,batch_d06,BATCH_d06_img_1640.jpg,filename_heuristic_unverified
593,batch_d06,BATCH_d06_img_1790.jpg,filename_heuristic_unverified
594,batch_d06,BATCH_d06_img_1440.jpg,filename_heuristic_unverified
595,unverified_dji,DJI_0010.JPG,filename_heuristic_unverified
596,batch_d06,BATCH_d06_img_1050.jpg,filename_heuristic_unverified
597,batch_d06,BATCH_d06_img_2940.jpg,filename_heuristic_unverified
598,batch_d06,BATCH_d06_img_830.jpg,filename_heuristic_unverified
599,batch_d06,BATCH_d06_img_1580.jpg,filename_heuristic_unverified
600,batch_d06,BATCH_d06_img_920.jpg,filename_heuristic_unverified
601,batch_d06,BATCH_d06_img_200.jpg,filename_heuristic_unverified
602,batch_d06,BATCH_d06_img_710.jpg,filename_heuristic_unverified
603,batch_d06,BATCH_d06_img_3120.jpg,filename_heuristic_unverified
604,batch_d06,BATCH_d06_img_380.jpg,filename_heuristic_unverified
605,unverified_dji,DJI_0009.JPG,filename_heuristic_unverified
606,batch_03,batch_03_img_3160.jpg,filename_heuristic_unverified
607,batch_03,batch_03_img_3660.jpg,filename_heuristic_unverified
608,batch_03,batch_03_img_3340.jpg,filename_heuristic_unverified
609,batch_03,batch_03_img_2480.jpg,filename_heuristic_unverified
610,batch_03,batch_03_img_600.jpg,filename_heuristic_unverified
611,batch_03,batch_03_img_1560.jpg,filename_heuristic_unverified
612,batch_03,batch_03_img_720.jpg,filename_heuristic_unverified
613,batch_03,batch_03_img_2720.jpg,filename_heuristic_unverified
614,batch_03,batch_03_img_3020.jpg,filename_heuristic_unverified
615,batch_03,batch_03_img_1920.jpg,filename_heuristic_unverified
616,batch_03,batch_03_img_820.jpg,filename_heuristic_unverified
617,batch_03,batch_03_img_2920.jpg,filename_heuristic_unverified
618,batch_03,batch_03_img_1740.jpg,filename_heuristic_unverified
619,batch_03,batch_03_img_1280.jpg,filename_heuristic_unverified
620,batch_03,batch_03_img_2180.jpg,filename_heuristic_unverified
621,batch_03,batch_03_img_2100.jpg,filename_heuristic_unverified
622,batch_03,batch_03_img_660.jpg,filename_heuristic_unverified
623,batch_03,batch_03_img_3380.jpg,filename_heuristic_unverified
624,batch_03,batch_03_img_3740.jpg,filename_heuristic_unverified
625,batch_03,batch_03_img_2160.jpg,filename_heuristic_unverified
626,batch_03,batch_03_img_3120.jpg,filename_heuristic_unverified
627,batch_04,batch_04_img_2240.jpg,filename_heuristic_unverified
628,batch_04,batch_04_img_1820.jpg,filename_heuristic_unverified
629,batch_04,batch_04_img_3320.jpg,filename_heuristic_unverified
630,batch_04,batch_04_img_3600.jpg,filename_heuristic_unverified
631,batch_04,batch_04_img_4580.jpg,filename_heuristic_unverified
632,batch_04,batch_04_img_260.jpg,filename_heuristic_unverified
633,batch_04,batch_04_img_3360.jpg,filename_heuristic_unverified
634,batch_04,batch_04_img_1780.jpg,filename_heuristic_unverified
635,batch_04,batch_04_img_3720.jpg,filename_heuristic_unverified
636,batch_04,batch_04_img_2420.jpg,filename_heuristic_unverified
637,batch_04,batch_04_img_2560.jpg,filename_heuristic_unverified
638,batch_04,batch_04_img_4620.jpg,filename_heuristic_unverified
639,batch_04,batch_04_img_4660.jpg,filename_heuristic_unverified
640,batch_04,batch_04_img_4400.jpg,filename_heuristic_unverified
641,batch_04,batch_04_img_2020.jpg,filename_heuristic_unverified
642,batch_04,batch_04_img_1660.jpg,filename_heuristic_unverified
643,batch_04,batch_04_img_4240.jpg,filename_heuristic_unverified
644,batch_04,batch_04_img_1520.jpg,filename_heuristic_unverified
645,batch_04,batch_04_img_1180.jpg,filename_heuristic_unverified
646,batch_04,batch_04_img_2300.jpg,filename_heuristic_unverified
647,batch_04,batch_04_img_3400.jpg,filename_heuristic_unverified
648,batch_04,batch_04_img_4480.jpg,filename_heuristic_unverified
649,batch_04,batch_04_img_4180.jpg,filename_heuristic_unverified
650,batch_04,batch_04_img_3180.jpg,filename_heuristic_unverified
651,batch_04,batch_04_img_720.jpg,filename_heuristic_unverified
652,batch_04,batch_04_img_3760.jpg,filename_heuristic_unverified
653,batch_04,batch_04_img_1940.jpg,filename_heuristic_unverified
654,batch_04,batch_04_img_980.jpg,filename_heuristic_unverified
655,batch_04,batch_04_img_1560.jpg,filename_heuristic_unverified
656,batch_04,batch_04_img_140.jpg,filename_heuristic_unverified
657,batch_04,batch_04_img_4080.jpg,filename_heuristic_unverified
658,batch_04,batch_04_img_3340.jpg,filename_heuristic_unverified
659,batch_04,batch_04_img_1320.jpg,filename_heuristic_unverified
660,batch_04,batch_04_img_2780.jpg,filename_heuristic_unverified
661,batch_04,batch_04_img_1620.jpg,filename_heuristic_unverified
662,batch_04,batch_04_img_2900.jpg,filename_heuristic_unverified
663,batch_04,batch_04_img_4340.jpg,filename_heuristic_unverified
664,batch_04,batch_04_img_2080.jpg,filename_heuristic_unverified
665,batch_04,batch_04_img_4540.jpg,filename_heuristic_unverified
666,batch_04,batch_04_img_4300.jpg,filename_heuristic_unverified
667,batch_04,batch_04_img_1640.jpg,filename_heuristic_unverified
668,batch_04,batch_04_img_2860.jpg,filename_heuristic_unverified
669,batch_04,batch_04_img_680.jpg,filename_heuristic_unverified
670,batch_04,batch_04_img_1140.jpg,filename_heuristic_unverified
671,batch_04,batch_04_img_1260.jpg,filename_heuristic_unverified
672,batch_04,batch_04_img_1020.jpg,filename_heuristic_unverified
673,batch_04,batch_04_img_2140.jpg,filename_heuristic_unverified
674,batch_04,batch_04_img_1400.jpg,filename_heuristic_unverified
675,batch_04,batch_04_img_3680.jpg,filename_heuristic_unverified
676,batch_04,batch_04_img_4140.jpg,filename_heuristic_unverified
677,batch_04,batch_04_img_1120.jpg,filename_heuristic_unverified
678,batch_04,batch_04_img_3800.jpg,filename_heuristic_unverified
679,batch_04,batch_04_img_840.jpg,filename_heuristic_unverified
680,batch_04,batch_04_img_3080.jpg,filename_heuristic_unverified
681,batch_s05,BATCH_s05_img_6580.jpg,filename_heuristic_unverified
682,batch_s05,BATCH_s05_img_8100.jpg,filename_heuristic_unverified
683,batch_s05,BATCH_s05_img_3940.jpg,filename_heuristic_unverified
684,batch_s05,BATCH_s05_img_5990.jpg,filename_heuristic_unverified
685,batch_s05,BATCH_s05_img_7690.jpg,filename_heuristic_unverified
686,batch_s05,BATCH_s05_img_8800.jpg,filename_heuristic_unverified
687,batch_s05,BATCH_s05_img_9400.jpg,filename_heuristic_unverified
688,batch_s05,BATCH_s05_img_9690.jpg,filename_heuristic_unverified
689,batch_s05,BATCH_s05_img_5230.jpg,filename_heuristic_unverified
690,batch_s05,BATCH_s05_img_11130.jpg,filename_heuristic_unverified
691,batch_s05,BATCH_s05_img_6050.jpg,filename_heuristic_unverified
692,batch_s05,BATCH_s05_img_11210.jpg,filename_heuristic_unverified
693,batch_s05,BATCH_s05_img_5740.jpg,filename_heuristic_unverified
694,batch_s05,BATCH_s05_img_7600.jpg,filename_heuristic_unverified
695,batch_s05,BATCH_s05_img_9220.jpg,filename_heuristic_unverified
696,batch_s05,BATCH_s05_img_1610.jpg,filename_heuristic_unverified
697,batch_s05,BATCH_s05_img_9470.jpg,filename_heuristic_unverified
698,batch_s05,BATCH_s05_img_510.jpg,filename_heuristic_unverified
699,batch_s05,BATCH_s05_img_7460.jpg,filename_heuristic_unverified
700,batch_s05,BATCH_s05_img_8470.jpg,filename_heuristic_unverified
701,batch_s05,BATCH_s05_img_11050.jpg,filename_heuristic_unverified
702,batch_s05,BATCH_s05_img_210.jpg,filename_heuristic_unverified
703,batch_s05,BATCH_s05_img_4250.jpg,filename_heuristic_unverified
704,batch_s05,BATCH_s05_img_5660.jpg,filename_heuristic_unverified
705,batch_s05,BATCH_s05_img_9110.jpg,filename_heuristic_unverified
706,batch_s05,BATCH_s05_img_9010.jpg,filename_heuristic_unverified
707,batch_s05,BATCH_s05_img_7260.jpg,filename_heuristic_unverified
708,batch_s05,BATCH_s05_img_3790.jpg,filename_heuristic_unverified
709,batch_s05,BATCH_s05_img_2630.jpg,filename_heuristic_unverified
710,batch_s05,BATCH_s05_img_8950.jpg,filename_heuristic_unverified
711,batch_s05,BATCH_s05_img_5590.jpg,filename_heuristic_unverified
712,batch_s05,BATCH_s05_img_3520.jpg,filename_heuristic_unverified
713,batch_s05,BATCH_s05_img_7940.jpg,filename_heuristic_unverified
714,batch_s05,BATCH_s05_img_8070.jpg,filename_heuristic_unverified
715,batch_s05,BATCH_s05_img_6490.jpg,filename_heuristic_unverified
716,batch_d08,BATCH_d08_img_2810.jpg,filename_heuristic_unverified
717,batch_d08,BATCH_d08_img_520.jpg,filename_heuristic_unverified
718,batch_d08,BATCH_d08_img_580.jpg,filename_heuristic_unverified
719,batch_d08,BATCH_d08_img_1420.jpg,filename_heuristic_unverified
720,batch_d08,BATCH_d08_img_4340.jpg,filename_heuristic_unverified
721,batch_d08,BATCH_d08_img_820.jpg,filename_heuristic_unverified
722,batch_d08,BATCH_d08_img_2580.jpg,filename_heuristic_unverified
723,batch_d08,BATCH_d08_img_490.jpg,filename_heuristic_unverified
724,batch_d08,BATCH_d08_img_1030.jpg,filename_heuristic_unverified
725,batch_d08,BATCH_d08_img_5400.jpg,filename_heuristic_unverified
726,batch_d08,BATCH_d08_img_3090.jpg,filename_heuristic_unverified
727,batch_d08,BATCH_d08_img_4070.jpg,filename_heuristic_unverified
728,batch_d08,BATCH_d08_img_1760.jpg,filename_heuristic_unverified
729,batch_d08,BATCH_d08_img_3000.jpg,filename_heuristic_unverified
730,batch_d08,BATCH_d08_img_4850.jpg,filename_heuristic_unverified
731,batch_d08,BATCH_d08_img_2890.jpg,filename_heuristic_unverified
732,batch_d08,BATCH_d08_img_1300.jpg,filename_heuristic_unverified
733,batch_d08,BATCH_d08_img_5300.jpg,filename_heuristic_unverified
734,batch_d08,BATCH_d08_img_4520.jpg,filename_heuristic_unverified
735,batch_d08,BATCH_d08_img_4220.jpg,filename_heuristic_unverified
736,batch_d08,BATCH_d08_img_2640.jpg,filename_heuristic_unverified
737,batch_d08,BATCH_d08_img_710.jpg,filename_heuristic_unverified
738,batch_d08,BATCH_d08_img_4290.jpg,filename_heuristic_unverified
739,batch_d08,BATCH_d08_img_3950.jpg,filename_heuristic_unverified
740,batch_d08,BATCH_d08_img_3130.jpg,filename_heuristic_unverified
741,batch_d08,BATCH_d08_img_1590.jpg,filename_heuristic_unverified
742,batch_d08,BATCH_d08_img_4460.jpg,filename_heuristic_unverified
743,batch_d08,BATCH_d08_img_350.jpg,filename_heuristic_unverified
744,batch_d08,BATCH_d08_img_5040.jpg,filename_heuristic_unverified
745,batch_d08,BATCH_d08_img_4420.jpg,filename_heuristic_unverified
746,batch_d08,BATCH_d08_img_4640.jpg,filename_heuristic_unverified
747,batch_d08,BATCH_d08_img_3050.jpg,filename_heuristic_unverified
748,batch_d08,BATCH_d08_img_2210.jpg,filename_heuristic_unverified
749,batch_d08,BATCH_d08_img_1260.jpg,filename_heuristic_unverified
750,batch_d08,BATCH_d08_img_2850.jpg,filename_heuristic_unverified
751,batch_d08,BATCH_d08_img_4050.jpg,filename_heuristic_unverified
752,batch_d08,BATCH_d08_img_5120.jpg,filename_heuristic_unverified
753,batch_d08,BATCH_d08_img_950.jpg,filename_heuristic_unverified
754,batch_d08,BATCH_d08_img_1630.jpg,filename_heuristic_unverified
755,batch_d08,BATCH_d08_img_990.jpg,filename_heuristic_unverified
756,batch_d08,BATCH_d08_img_660.jpg,filename_heuristic_unverified
757,batch_d08,BATCH_d08_img_1510.jpg,filename_heuristic_unverified
758,batch_d08,BATCH_d08_img_2280.jpg,filename_heuristic_unverified
759,batch_d08,BATCH_d08_img_590.jpg,filename_heuristic_unverified
760,batch_d08,BATCH_d08_img_390.jpg,filename_heuristic_unverified
761,batch_d08,BATCH_d08_img_2500.jpg,filename_heuristic_unverified
762,batch_d08,BATCH_d08_img_1210.jpg,filename_heuristic_unverified
763,batch_d08,BATCH_d08_img_440.jpg,filename_heuristic_unverified
764,batch_d08,BATCH_d08_img_4600.jpg,filename_heuristic_unverified
765,batch_d08,BATCH_d08_img_5050.jpg,filename_heuristic_unverified
766,batch_d08,BATCH_d08_img_1360.jpg,filename_heuristic_unverified
767,batch_d08,BATCH_d08_img_4150.jpg,filename_heuristic_unverified
768,batch_d08,BATCH_d08_img_3190.jpg,filename_heuristic_unverified
769,batch_d08,BATCH_d08_img_5470.jpg,filename_heuristic_unverified
770,batch_d08,BATCH_d08_img_4700.jpg,filename_heuristic_unverified
771,batch_d08,BATCH_d08_img_1060.jpg,filename_heuristic_unverified
