image_id,file_name,group_id,split,sha256,duplicate_of
0,BATCH_d07_img_6400.jpg,batch_d07,train,1e3925de30eacb49a7c9679a181cc7349d90515fc4ae6a3222e74bc0482915a4,
1,BATCH_d07_img_580.jpg,batch_d07,train,995e458b1f2d5d04cfd8014f5acbd0355a503532a9f37a8b7adda02cb865751a,
2,BATCH_d07_img_2380.jpg,batch_d07,train,5c028a5a06097c9b5e518991cea6c4746b7c37517b1346c80908fc7b9843ab0b,
3,BATCH_d07_img_880.jpg,batch_d07,train,1a4d4b41f520c0e6f29545db68ba30274ffecfbe4425d7dab5d8a9d3026018ac,
4,BATCH_d07_img_4550.jpg,batch_d07,train,495cd6a0e81ce8a23d025e9e173656b99c092673f4d12697d8757f54c443d3b7,
5,BATCH_d07_img_410.jpg,batch_d07,train,cf5e458e89d5ce2e429c8465f58366dcc2f2ff8b3cc8ac3edfd5c701eef9adc1,
6,BATCH_d07_img_6030.jpg,batch_d07,train,a545acfce2b9632cba9bd13b18467f8b7a5a479ff4963a5a6176f553136ae81e,
7,BATCH_d07_img_3470.jpg,batch_d07,train,d53945913213d7ad0c6eeec3b512ad4bf8d94f6cf367611ff5ade1652b058149,
8,BATCH_d07_img_6970.jpg,batch_d07,train,4b3024b10af872a38d0b61203cc49f4741bbfab5cca662e82573d3ab621f2b04,
9,BATCH_d07_img_5110.jpg,batch_d07,train,7b27ec880867026c4cb88ed3618e433ee76952c91c4297c60cda47b34514809c,
10,BATCH_d07_img_1250.jpg,batch_d07,train,2b29f37d06b3faea878deb24f46fb98a62fd88ac66c885b46c6167fd80bda72e,
11,BATCH_d07_img_450.jpg,batch_d07,train,9bebba538d74aa8dd69dfe92133cf114e1d4485b55d8c22f591e809cd5686e13,
12,BATCH_d07_img_2760.jpg,batch_d07,train,b27c728c64281ebecf1512d75e2e53b42b983970739808759b1c8fd919a0d86a,
13,BATCH_d07_img_2340.jpg,batch_d07,train,f5c0c7eaa1b18db1e012c1c76a3c0a8e65e2cd0dbe0b141d4b5a1fbfa9b52391,
14,BATCH_d07_img_610.jpg,batch_d07,train,9b12170d0133cf57883263136171bd097c99d628e6cafd2df1a265ac126cebdb,
15,BATCH_d07_img_2080.jpg,batch_d07,train,7ea9ee6397bd63598b642b1717bdb1b503226e93d2a43c4893bee243c79ba7d7,
16,BATCH_d07_img_7260.jpg,batch_d07,train,a261f9af2ef6da5305fc622c3547f90d1a38070481768135218b0419868f4233,
17,BATCH_d07_img_2930.jpg,batch_d07,train,58692051b75530fde9f2779c91bdb47a8bab6a85ff766067779c701b12fc3f55,
18,BATCH_d07_img_4370.jpg,batch_d07,train,8743362fe57e7bcf10320b93185792a4cc2d5888ce879f5e945356bee4bf8792,
19,BATCH_d07_img_1760.jpg,batch_d07,train,09294a69ef4f58b7a500fd105dba8dcdcd6ff955781a811ef2621aad370b2ff6,
20,BATCH_d07_img_4730.jpg,batch_d07,train,00cf5731cfe88e096b00ade2f6fa342110fdd6ccd47c165b005a055bd3f44ef7,
21,BATCH_d07_img_1700.jpg,batch_d07,train,413a4bd49ed32337c6c9ca5ce5dddcac94ce10a02dd9ca10b152db8ce5e5d0a3,
22,BATCH_d07_img_4670.jpg,batch_d07,train,ad8c2891cbb3d8c5f566d0211f270debe7949300e6c0171483a310e69e511437,
23,BATCH_d07_img_1390.jpg,batch_d07,train,e6fad5c9000dd22fd7b9066c03b5982f54b71b38ef88154bee7695392a3531e5,
24,BATCH_d07_img_360.jpg,batch_d07,train,c10e3ec362f87fb0777d4ff740b079258f0d0b42ed511e75464de9f2824570f9,
25,BATCH_d07_img_600.jpg,batch_d07,train,d4725ac3c4a0c83b8d7a32f7711ee90d7870c5f3f7a39cccef65614a1f873391,
26,BATCH_d07_img_1120.jpg,batch_d07,train,1af1c451228f2d3183289ca5d799a9ad9d90c860a58cd06e699e83781460deb8,
27,BATCH_d07_img_510.jpg,batch_d07,train,1fcc6d78cf8f81104878aefe05e708243d4e663b7a7865780519a4f6d5ee23cd,
28,BATCH_d07_img_6520.jpg,batch_d07,train,60218efe03992f8e08afb6dcf05d5436316d47a4a515fb7304f670492a75e67b,
29,BATCH_d07_img_2670.jpg,batch_d07,train,4b89ee634ce2ff201afc22e0b194d8e5ad5d70e037c84dff71f462df845aae87,
30,BATCH_d07_img_2500.jpg,batch_d07,train,aa8b385ff39ad8957fff5bfe9206c51e2cc9a4934dfb54472473e16d88546fb4,
31,BATCH_d07_img_3010.jpg,batch_d07,train,5a24c0a1b419264497ff973c2ca7b97ea222a28ef3d589428652e5f6d5945311,
32,BATCH_d07_img_2820.jpg,batch_d07,train,adceb8255a546248770a8ce896f1fb707febe93e8e1f7d303862acf3dc41393c,
33,BATCH_d07_img_3330.jpg,batch_d07,train,04d8c4ac9719f527a31b3f6387b1b9b36fee9b3b0e254ad15fb183bc62f0b184,
34,BATCH_d07_img_650.jpg,batch_d07,train,b53dd50c96ac4209e544760e4942d7908a5c4c21bc9d2b2481e9d516ba9e4c31,
35,BATCH_d07_img_6110.jpg,batch_d07,train,9710bb4909f82a1086aa035713d468d934af826a6781549addec669cf2d2d14f,
36,BATCH_d07_img_6230.jpg,batch_d07,train,98f16e7a966aa7b9307506117f02b1aa5357e649d4a69f83967c4fa85597548e,
37,BATCH_d07_img_5020.jpg,batch_d07,train,778cd4a1549799e6d6ff4550e0f10e07db34d1723b8ab0a8b6c0f09d3102f4df,
38,BATCH_d07_img_4430.jpg,batch_d07,train,89dcae97344043121a3dcc61492521d087c8f08509b760e4d573ffbd2acad298,
39,BATCH_d07_img_4720.jpg,batch_d07,train,19db82e6766b79891d2e71ae4ec0ead69d867c1384deaae149ab252a1b7b1658,
40,BATCH_d07_img_2220.jpg,batch_d07,train,eb8b8943d54079bcd3c89678d6d08811da132dba5d349ccccb9aedc223e04f25,
41,BATCH_d07_img_1010.jpg,batch_d07,train,cb91cd5cdd41a8b5dc734a1434c2e9c1d4e4f15588c8e25eaccf0e583b1c8796,
42,BATCH_d07_img_4880.jpg,batch_d07,train,44268e92e89cdc0e8c525cc759d99e07f05d98c14b8f4568c0da903bb9a398cf,
43,BATCH_d07_img_5380.jpg,batch_d07,train,cf056bbbaab6b2c801ff70f06bd664b90ca9eab65e1e9974da3d9c6f240d4def,
44,BATCH_d07_img_3860.jpg,batch_d07,train,102df058e120608ffa31ca7999e9b7eaebc00afd6f40a5696dbb7ab67229b90a,
45,BATCH_d07_img_5470.jpg,batch_d07,train,287e8e9aa26ed9e04a80bcba1ac9a9d04311389917d6e66bcd053f86d3b49613,
46,BATCH_d07_img_5780.jpg,batch_d07,train,f510b106e9a120a4a16b8afa1ad7a30439143e3a72164c857cae9764657f3cb3,
47,BATCH_d07_img_5210.jpg,batch_d07,train,5f17c6d13253e9b2e403f9ff4b042fa3eb62d72e22757faa0e09d9460b0c43a4,
48,BATCH_d07_img_5960.jpg,batch_d07,train,ee1b6bc2eff8f1c3f5b4c3568ddd3b2782e13964b21349b1d7962091c20f139a,
49,BATCH_d07_img_320.jpg,batch_d07,train,b2ca8c16c27585eb560a428f96d7c92262bc2a597096254d3fc524b22cee32e6,
50,BATCH_d07_img_5400.jpg,batch_d07,train,73cfe32f7189ace65e5fe325e0941660bfb8050ee622f94f148db30201548d18,
51,BATCH_d07_img_1450.jpg,batch_d07,train,fde43d6ba466b3fbc4a07bb755f8d9d1c9686aaac659e8f3c4b17841648be171,
52,BATCH_d07_img_3270.jpg,batch_d07,train,37b1fb1cd7d65e6240e6a4f4fe51dec74a6c718bb9a8590f7d80bfa1015173b3,
53,BATCH_d07_img_2310.jpg,batch_d07,train,b388ee97f325b46dfbcd0baa84279621f39900f84a0c77104a4e40a97e0e478e,
54,BATCH_d07_img_3380.jpg,batch_d07,train,8171fc67d109025e80c0e0aedc230baf960eee91511e3626f8679962de45f77c,
55,BATCH_d07_img_1830.jpg,batch_d07,train,0ec227b43424e77bd7c21d01e64427c055878666b6c41e9094364cbe869cdc66,
56,BATCH_d07_img_5980.jpg,batch_d07,train,b750b01656dc79379e2252dbe5a65f2d25a07a6f18198f69052c7bc45fdfd8e8,
57,BATCH_d07_img_3170.jpg,batch_d07,train,a2938b043d6a37cbe78827ca71177564dc62a7031b64cf12e68b8ab790ab207f,
58,BATCH_d07_img_4480.jpg,batch_d07,train,6b1e3347e0a7fc960a70bab6d196d49f63b3c9bfee8137c12b8c5a54fd085adc,
59,BATCH_d07_img_6200.jpg,batch_d07,train,3fb38637431fb39a78acab95c7520ce7ea319ba8162060d3676db5177ecf8df0,
60,BATCH_d07_img_460.jpg,batch_d07,train,cff8c37bad9eed6076db498f22ea138df6120368eed3fc375607dee57fbd1cc1,
61,BATCH_d07_img_6320.jpg,batch_d07,train,5c33411815cc04a8f8d6787b5b6bb0ce41511f121c4e8e978f8adbb9312cd099,
62,BATCH_d07_img_2960.jpg,batch_d07,train,41fe01b75c284573e96be516640caa44f80ff0f3f7f8708cf2d047763932dd1c,
63,BATCH_d07_img_4610.jpg,batch_d07,train,109afa1a062047b168fe1a45a0192d5ef129eba2605f6c18f17acc48787e3ea9,
64,BATCH_d07_img_810.jpg,batch_d07,train,ebbf2d78bc2b7a2f83288ebd74327ecd3a74c72b3c54f5241c0e3ef7aafc6b28,
65,BATCH_d07_img_2270.jpg,batch_d07,train,fd8bb880121260d47bbfc9bf31251a27493150083409d75de39865fe6d540e7c,
66,BATCH_d07_img_1550.jpg,batch_d07,train,53a77d952e77aea9335077c28c7caba571f644356761cbd6e9cc4435cc42f707,
67,BATCH_d07_img_4920.jpg,batch_d07,train,fad71e5c110518d2b46d1f292107e9fee17361ed2d91f026810ffd23320d64dc,
68,BATCH_d07_img_950.jpg,batch_d07,train,868a8f7e4cceed8311508688189e8c463b4c6195c9987c55f4cf9ed82db74e4a,
69,BATCH_d07_img_6020.jpg,batch_d07,train,dd7c2c9e82419455c81bbacca24be69a09b101fdd791fd0d289b15cb6c933b4b,
70,BATCH_d07_img_1650.jpg,batch_d07,train,fb9e512cf1386bbfa9d2e7ddd22bfc1e04f3a9bde05ae56b95f7e74852a5d5f4,
71,BATCH_d07_img_6800.jpg,batch_d07,train,33d8b4239b0b8aee4edae90c5d5aa0386b2351106e3e7227be002092126c14a4,
72,BATCH_d07_img_1610.jpg,batch_d07,train,86461d8f8b636e8cd2ff1704a72b14c294f1d58b31838d194235bb14b3b4f7ee,
73,BATCH_d07_img_5900.jpg,batch_d07,train,c5bb0689e9227d1ef83db40faa4e814946930484851dbdc27ac2b4a2f7a62072,
74,BATCH_d07_img_6160.jpg,batch_d07,train,d6eac15c68ee0d8c03472372cc422d952a75bfc9f3abd376bccaea376f5d7c51,
75,BATCH_d07_img_1500.jpg,batch_d07,train,b19adbc80ced8049f0f5135de989dffac75068a5cfbe885d1798b2eb6d58d6e0,
76,BATCH_d07_img_4760.jpg,batch_d07,train,24fd940ffb57bff0adee3482d926331f1649f0b3bef97aafb4aaa45944beb02b,
77,BATCH_d07_img_1160.jpg,batch_d07,train,041c5acbe7b29b4c6c344ab606f49396a3ba79f72bf7ec49e78ab2cacef9b256,
78,BATCH_d07_img_7030.jpg,batch_d07,train,71270fa266ac9d3580751b6270a8c50099b287fa2fd6a1705dea7833dcf01d1c,
79,BATCH_d07_img_6940.jpg,batch_d07,train,a4fb3cdadf037af6da043813d975e037670ade27019202efc3f353a78b58f0e9,
80,BATCH_d07_img_2600.jpg,batch_d07,train,83e1d6153e3bd3f6f14e4c1d4a75c4755dad6bfa9eaebaccd3ef0ffb0c8e90d1,
81,BATCH_d07_img_4970.jpg,batch_d07,train,6d9d662132ff2c990f437e54158d35ad5822a2802144fe6facfce0ef99d2dcc5,
82,BATCH_d07_img_6360.jpg,batch_d07,train,daa741f5ef195b40e545c6eda36d55fed90de650444ccde5df60a79f62533b73,
83,BATCH_d07_img_4310.jpg,batch_d07,train,698a22a82d7065ef0ccea4cbcfa8834504d6786542b4b24c04142fdc3cf69703,
84,BATCH_d07_img_2720.jpg,batch_d07,train,fb595e826a68d3251b591cec425abf2df4a8acfec593f10b7f13305c44e9c592,
85,BATCH_d07_img_2520.jpg,batch_d07,train,0f0e4e589317e98c9614c1e7312fb0661694873f6fc666f180acd8883e518b73,
86,BATCH_d07_img_2420.jpg,batch_d07,train,92471e61d27ea6cca573702889f8b15339e721913a6dbf373326ae462624a183,
87,BATCH_d07_img_3990.jpg,batch_d07,train,12797b24840c68a2fe68887dd693c41a426fd013f00059afc02fd193ae9acda6,
88,BATCH_d07_img_6740.jpg,batch_d07,train,6b965ab4ba3f345cbc9903be2d95ab0b2e849c52a6dbc6dc1a1cff8a5516a7fd,
89,BATCH_d07_img_720.jpg,batch_d07,train,98fb593d25030d7a847d44d17ec4ebd34686fb02b6f1aee96742f64d041f698d,
90,BATCH_d07_img_1330.jpg,batch_d07,train,230ac32075a032d77628c0d6e3ec196370db58fd0ddb8d6406508154014411d6,
91,BATCH_d07_img_5710.jpg,batch_d07,train,78ed5e44e3992415143dc4c8195c4ca207753bb62cd43882d7e3b8a5f0370a15,
92,GOPR0038.JPG,unverified_gopro,train,ddd6688ca9ae8109efaf3667ab417e2353a6b7121bf4c9f9f09224eafc94175f,
93,GOPR0040.JPG,unverified_gopro,train,7a525acfb59a35b8af77d4e6a5588f83c0ece75b12e2c007047296098372bd65,
94,GOPR0032.JPG,unverified_gopro,train,e30ad25741394677f9c4eeda8f3f2aac889261388e147a86b7f09023e8395679,
95,GOPR0028.JPG,unverified_gopro,train,0c803fff85f778fa692a9e7892840b2117c19882a19cbae7158121383743f9b7,
96,BATCH_s05_img_1260.jpg,batch_s05,val,9bbdeea86bb1488b17cd1e0dbb6bcfc128a044807371b38356e13536d3bbb559,
97,GOPR0035.JPG,unverified_gopro,train,c49e784f4fa3947ef1c1ef8fd816eb429605e443f36b17bf8043ff5a698a0381,
98,BATCH_s05_img_1940.jpg,batch_s05,val,b9d4a39064fc30db9b8f71d293faef212ccb51ad6c2b9e79ad426ce320adbadc,
99,camera_img_1.jpg,unverified_camera,train,f47a503c5af11c77e459cc197f0d244d4eb7b987e0503e8661c960d3d974fc1e,
100,GOPR0030.JPG,unverified_gopro,train,35dfbbfd344a63a5fbfb51be374d688ae0a219924559864d53af7164719ce61e,
101,GOPR0023.JPG,unverified_gopro,train,0173f7a7a7e1aef0e0168facb159bee75e4145981295481e028aa1773351fa6d,
102,camera_img_3.jpg,unverified_camera,train,7c05b2f77a0d2c3197120f4c72f9b5c02a9cbabd7ca3f404f7643b64c9f041c7,
103,GOPR0056.JPG,unverified_gopro,train,28440ed48a5bf7591662c9e062d8a0789a5e0fe6238c6e2e42c09f53b25fe9c9,
104,GOPR0048.JPG,unverified_gopro,train,c0b979850960f2ea551960659d006868af158058db7fd86d7de055ce3e111dac,
105,GOPR0041.JPG,unverified_gopro,train,e2f68bfe248723ad6aa21cd4870d618683f24b734e200eb19f8d59a5f58e8383,
106,camera_img_2.jpg,unverified_camera,train,558dce2a91bf12752faac8eb4b90d7dd2cfd4f6b027acc4397bebd198489b197,
107,photo_2020-10-23_14-02-02.jpg,unverified_photo,val,64c6ddc24a86f1c7da07ed8b3d97c1e5bbd61b0e5405decb6621ce681a6ea349,
108,GOPR0039.JPG,unverified_gopro,train,e466409ef662aeeb44b707a27f3cb7f54f6201d53c0af7dee816e0e3e32ebccb,
109,GOPR0021.JPG,unverified_gopro,train,7765581419e8df012eec52857cee06ac2e6f3a474b57d5adb2b748e807e104a5,
110,GOPR0043.JPG,unverified_gopro,train,81ed437ca13e1c9a03d98153a84c4a2f3ac23439d450620ed7fb62dac306e641,
111,GOPR0026.JPG,unverified_gopro,train,700469d2bd8097a494617684cfa7e5d3c30fc1be8613ffd31641d721b7668100,
112,GOPR0050.JPG,unverified_gopro,train,adb5fce009a5077be1a7ee0bb66d851b112978484139edebceb827fb2a0d1cf8,
113,GOPR0046.JPG,unverified_gopro,train,60b24a1eaabbbdba42fcc55f8dd9d0384d2d360beb591201f60c927c70993e5c,
114,GOPR0055.JPG,unverified_gopro,train,08a8af4171a5493b0352d0afe13277b345261919ad3373467ecc646c20c78e26,
115,photo_2020-10-23_14-02-01.jpg,unverified_photo,val,06b989167148c538c231e727665b514129ef6083379aef39142c07199485c66a,
116,GOPR0033.JPG,unverified_gopro,train,7bfdad0ae7adfb59b07e082399824521693e944a6119223ecd93b11d6dbad7e6,
117,GOPR0025.JPG,unverified_gopro,train,faffe6d64e4dcf213d2dacaa383184108467ce309964ae389db7293790cef8fc,
118,GOPR0049.JPG,unverified_gopro,train,4540d8ebbc76eb2328f4bc5d6fd26d4d9b1028300ceb8a9fc83801f6ee283e52,
119,GOPR0019.JPG,unverified_gopro,train,270151f897bd92a21b2bb8005863afacca232a2fff4234811a10908616b90d35,
120,GOPR0024.JPG,unverified_gopro,train,25bbd78c459a177d28dcfb6ddd429be4c845dd0f2e453ed98b590dd95c564bcf,
121,GOPR0029.JPG,unverified_gopro,train,922a8305de8783c5e21de75b542bd4f82313a8add201738fbb8b659df79e3cec,
122,GOPR0036.JPG,unverified_gopro,train,b47f96a317b470a23665d572458f952d8a0a42102b2ec0454d3be6b78395e705,
123,GOPR0052.JPG,unverified_gopro,train,1f27dfb9e11a8b619e3142d1d68bee2ff4703eb1070cf0bcf513ec5bd38b5883,
124,GOPR0027.JPG,unverified_gopro,train,22fad9e4ef92f90463dbbb9551dea4de7d3f6d32c5da44babd3df6680ec75746,
125,GOPR0022.JPG,unverified_gopro,train,cc04a902627ffd7c4f1caae2fcbf19f2acdfa2b5889997b4ebfb4d155f04953e,
126,photo_2020-10-23_14-02-04.jpg,unverified_photo,val,a2f39f927c5339c0d4feeb256ea566252ad297278123a9263d18730a3c36b8a5,
127,photo_2020-10-23_14-02-00.jpg,unverified_photo,val,85aafa895d3012ce35b520096cc938cc4230aeb3ac59d8b1b4763e00b8febda5,
128,BATCH_s05_img_3590.jpg,batch_s05,val,31f5e798b4e4160ffef4cbb9bc62569e7c997566c5d71336e63c6b0e21c79dc3,
129,BATCH_s05_img_1230.jpg,batch_s05,val,8e738faddf0a97c455796a8b9b4abaf8071dfddaafd2ff82bd67b609a0fbc258,
130,photo_2020-10-23_14-02-03.jpg,unverified_photo,val,dd9521ce206d74b2f8518d76ecd5f9239254484e3ab50a4c8b78d02f46019ac9,
131,GOPR0044.JPG,unverified_gopro,train,7ed65803266206d649b8a31522d5c4d26ddfdbd0a1cb8f4f3ff4699745f29ced,
132,BATCH_s05_img_20.jpg,batch_s05,val,1b4fb6ebb6a84bb516ec6e24863a724163dcd307533890daccfc8f93e2c98242,
133,BATCH_s05_img_1960.jpg,batch_s05,val,a79c60fa0991a7a6829932b86c565f85f94018653c8655eaca5ceab402516097,
134,BATCH_s05_img_2080.jpg,batch_s05,val,910cd1615783341ff743f84f9fe48da1dfa905793550faba9583e6a8520183d6,
135,BATCH_s05_img_3960.jpg,batch_s05,val,55ea1968fc65fc1d74d7e1cc3f0a49320d8a280697bdedcdd55bd8fb061fff52,
136,GOPR0020.JPG,unverified_gopro,train,bce17b449f81b69a24dbdff4682b97289b64bc3825c7987fac07aaff69a1a344,
137,BATCH_s05_img_3500.jpg,batch_s05,val,b4f3d0791b9755d5abb1259f7192d9fd59fd6588ccebba3fe86e0760e0996955,
138,GOPR0037.JPG,unverified_gopro,train,72325825ee4c3dcb2e5a2e11678e6283289caa0cb944511868de46618e38f0ce,
139,GOPR0042.JPG,unverified_gopro,train,2cb2c90d76f988d27887ef644d0f9e03b8fb86cfc9855a0f7224e8e488d44c21,
140,GOPR0053.JPG,unverified_gopro,train,1c7e793861e3e3460ed4b37449e77d2942ea6a9eef82a75f6d47ff1bbfed2b64,
141,GOPR0047.JPG,unverified_gopro,train,9d5e015f225f1670184f1396bf07655424b1fd65158ed73693841b9ad3507c4b,
142,GOPR0051.JPG,unverified_gopro,train,a61dbe1a47d8c32e3ebb4b7bf668d50a8ef45de66cbf4754144e6c2741dc4f5b,
143,GOPR0031.JPG,unverified_gopro,train,3959e231994ba4ac5b277a029fb0adbd14e1f25f3f103b9ffc62d050f0c836e9,
144,GOPR0054.JPG,unverified_gopro,train,35efe359f630bdecf2c9015241634d378303392b75af6ff2b88292e4ecaf0120,
145,GOPR0045.JPG,unverified_gopro,train,5d218e4c9c1ded7aa844aa9a7e9c94c12e16cd935e21c3a50a80a3f76c669c7b,
146,GOPR0034.JPG,unverified_gopro,train,18a5447dcb07f2f0208058adb58049a1285e59e4b26ac31c3a56929ed1c5b54d,
147,camera_img_0.jpg,unverified_camera,train,d27dd1ee8434f42999a59639a1e1762504109d4c3e3636aaac263e0aeb3df240,
148,photo_2020-10-23_14-02-05.jpg,unverified_photo,val,4e5e457dbbda763325fd058d82819f4d96ba8c1b0e87d726fcbdfb6acbec8b81,
149,BATCH_s03_img_3360.jpg,batch_s03,train,0683bf439fbd0e06088f85f36637c15951d6cc4efb3bad863591b700528864b9,
150,BATCH_s03_img_3200.jpg,batch_s03,train,972db93e17a3e6c85e1f9b01d169ee26d2c43711440a7d60c7b170a88c0810fc,
151,BATCH_s03_img_3160.jpg,batch_s03,train,e6ffebcbf59a4c94f1c37a94125c766cd5bdb7b77e5e2bcd32e1aa566e28df78,
152,BATCH_s03_img_1460.jpg,batch_s03,train,c2b34b15eaf2a7f04845afa5bdee25da34838b65884206c5c1948a2132f82fe4,
153,BATCH_s03_img_380.jpg,batch_s03,train,a2c8ec58a303cd5d3cc3f312b9e3d88d538a44450461d63bd6b43a7652824c5d,
154,BATCH_s03_img_3660.jpg,batch_s03,train,76dbb863e98c799dbd0896e7c3d28138836662e3b58f770668f8500c15515435,
155,BATCH_s03_img_1100.jpg,batch_s03,train,92855c5fe027bb92fa9891630090c02f195bc535fa4c88bad7b152b4022b5525,
156,BATCH_s03_img_440.jpg,batch_s03,train,65118f7c48020db03648bc4f9181b5482cf236d1a91f5e39797fb975e401b149,
157,BATCH_s03_img_4300.jpg,batch_s03,train,a2359017bcddc5da98bdd5619577fb9e75f5390d4e9a938d65c5137152c1b772,
158,BATCH_s03_img_3120.jpg,batch_s03,train,0d4e38d257b4dc22416d27aff08551a3fcfe0017a348fb6e80bb3194e8213de7,
159,BATCH_s03_img_3040.jpg,batch_s03,train,ec53842e3ebdbb0acd011fc98ed542681ae4d596e4313e9d4b72007e36e84456,
160,BATCH_s03_img_3540.jpg,batch_s03,train,426348b866e410bdf95bdea53f3e01da12eab6292f3f83a0358009d165e18ea1,
161,BATCH_s03_img_1320.jpg,batch_s03,train,c4540fa9a637d8302750344828db9fa8bd5bd6bd053b2c1b6fe50eb798522350,
162,BATCH_s03_img_3700.jpg,batch_s03,train,78bb5169bf37053cd5083fb53240deefd61d9395b9bb896aaed1c06703578d1d,
163,BATCH_s03_img_3340.jpg,batch_s03,train,e40b19994e11b906d90d546f1b39964dc5ff0f3cbdcd5a2a6b982797aba24063,
164,BATCH_s03_img_3460.jpg,batch_s03,train,1a3145290099ce62e40eef7a0c9e711d85ce36655b0392eec76d5f0395abf9c9,
165,BATCH_s03_img_640.jpg,batch_s03,train,332cb36acda511f0ee8850249fb40d93a53374c982c4290d0808db4e05311088,
166,BATCH_s03_img_300.jpg,batch_s03,train,6188a9e4d9ead41823a072170fab824701a87ac6e3fe4808068df66d597ca424,
167,BATCH_s03_img_840.jpg,batch_s03,train,a2e488f44b19105c9433161d70eec1e2104d957aae9cd16c83be51e0eb7eb634,
168,BATCH_s03_img_3780.jpg,batch_s03,train,5dc2296463635509759d7f1a013215337794863b095270bf2f1a6be7a911e524,
169,BATCH_s03_img_2200.jpg,batch_s03,train,47c84e1c75843f60c327f9ec56f39c31e80ec174b8cdc44534cee4bd1d1e59e7,
170,BATCH_s03_img_3420.jpg,batch_s03,train,a23be3b95903ee686ee51608071131fa93faf0af4b7629f2023cc39c9d3de501,
171,BATCH_s03_img_1000.jpg,batch_s03,train,16b2141fb789eca1428cd6cca9bc85f5f08467ac33d5fb61b45e318902a85e71,
172,BATCH_s03_img_3640.jpg,batch_s03,train,f2f17dd85cea560a5a8c22135ceceb53851d7f46b7219c679dee5a22581a8a69,
173,BATCH_s03_img_1160.jpg,batch_s03,train,35678e604f03598f0a394806791430f4e4eeb96b3b829919e76211975f59f126,
174,BATCH_s03_img_1040.jpg,batch_s03,train,ca64e0ba8fe68b3ab83131c93e72d58d652967284c509220bbcf685932e2bd62,
175,BATCH_s03_img_2300.jpg,batch_s03,train,19bfdf73c014a9e13d9539297251c07831e8d63c471e7b505f546f600660c498,
176,BATCH_s03_img_540.jpg,batch_s03,train,180f486de9e1556330ae1f89842779bfc7c82591cbee32eea7f7678d555d6d08,
177,BATCH_s03_img_660.jpg,batch_s03,train,086d6460d7fb86aff760721983f6f9a4038b811794d5bfd13a205b6e46de0f42,
178,BATCH_s03_img_2800.jpg,batch_s03,train,b1aa07bc3e8be17c0404cd7a58e3bd0fd77be4fe2a484ff105415b78a50c7229,
179,BATCH_s03_img_3920.jpg,batch_s03,train,96481725d015695d4e526094a92f689b0f540a4e1b2aadd7f39700d2db92a478,
180,BATCH_s03_img_2220.jpg,batch_s03,train,efec33880f963d7e439e02fb1b39626d6d36f8173ba04bbf68d9c2a31cf8add4,
181,BATCH_s03_img_3380.jpg,batch_s03,train,0ab96a0f6a24d71c8770bc381fef43df7e30e92b4852fba7057e256f20600a16,
182,BATCH_s03_img_2160.jpg,batch_s03,train,2d7ba2cf051613d04a5eeb8d05aa7abaa2748276886db4e7f1db6b2bab03c12f,
183,BATCH_s03_img_1880.jpg,batch_s03,train,501e62a87aff7800cb139567a0d1a266ff71c238209a5181bd00cf1809019004,
184,BATCH_s03_img_2080.jpg,batch_s03,train,b697fb9f9c518864e695f0911470155c140b78637f59db20e96d6353b04458d7,
185,BATCH_s03_img_1640.jpg,batch_s03,train,2e02a0f77f42bdca43b1bf4f489cc38c8050315d7a1dcc141c050941566836cf,
186,BATCH_s03_img_4160.jpg,batch_s03,train,11670418f92d1c48a307aabb14a347cbb4a71eb6129a78387d6c98534dc2d3be,
187,BATCH_s03_img_1400.jpg,batch_s03,train,8b00290869b06f0868236ef34d6102e7cbff135e69bb78fadc19e50696988544,
188,BATCH_s03_img_800.jpg,batch_s03,train,024e4ced0ab2aa96efe20a451cd0b139106813eb18e2dee21fccc91d78d2a321,
189,BATCH_s03_img_4220.jpg,batch_s03,train,049734d1abd97f0d9da1dc2f21bfbfcecf92eb481cd4a7df97886c75cc6fd363,
190,batch_s02_img_114.jpg,batch_s02,train,70bfa686c296916f5f33c2d89c196f8bee28b942dd5f27d2fe24cd701f6486cb,
191,batch_s02_img_42.jpg,batch_s02,train,757fed9cb31affc599a983d38b93ae871ecac8bca9d5b0d5c8bfef12903b857f,
192,batch_s02_img_91.jpg,batch_s02,train,53e49227f4fdf090b414f8de7358776ad7101c00763af2d3aeb0794843674694,
193,batch_s02_img_88.jpg,batch_s02,train,41dbde5f0797bb4b5c3beaa394d59a75c501411b98424da1a1f12743ae03e241,
194,batch_s02_img_27.jpg,batch_s02,train,6a2fd52e099d466f0e27c76e3fedb37c12bc786a399e35d9ac4a339e5be0fc1c,
195,batch_s02_img_132.jpg,batch_s02,train,7198386b1077509d445ace9f878faa46d16aefee4ba00822cc5e1015e0972185,
196,batch_s02_img_126.jpg,batch_s02,train,1fcf12856b1b8eaa7f3dd1bb5ce54134f3cd9cfff68efb75c2ca74ef75dac955,
197,batch_s02_img_138.jpg,batch_s02,train,b67ce5405c5579d98067f357ec31fdcfec4ab00eef98e4a89ca9077b12765588,
198,batch_s02_img_135.jpg,batch_s02,train,5ef0898c342ad90138ee77edd3e249d573d076e3e04ae0783b11486634a77753,
199,batch_s02_img_89.jpg,batch_s02,train,6dec489bb84ecc8a357d317e646ea190ca3330bb24f0b1ebfe11397b35c1ec66,
200,batch_s02_img_54.jpg,batch_s02,train,80b775593f5f96897b11fcccb404caaba39eba384b30a1fb3bd382f1dd9e9c08,
201,batch_s02_img_20.jpg,batch_s02,train,be0a214c164eca612e5bfbbb64f06e3d9b69870adb56802add00da7daeaf6133,
202,batch_s02_img_67.jpg,batch_s02,train,9b5269f8b032a05ce4a9ed3b3d49000c57ed1f75df33bb34d1c57078e711b966,
203,batch_s02_img_117.jpg,batch_s02,train,e418564b31ddef51f04191adf5be29859c202630581deedc705ff03abaa032ac,
204,batch_s02_img_14.jpg,batch_s02,train,35d4e337776f85b3521efa3b74eefe3ddcac8d55d1154c2efe387c95ee91b32d,
205,batch_s02_img_103.jpg,batch_s02,train,47dc1470de121e0dd8889c02babdec442204a1eb82045c0914a19b08be315483,
206,batch_s02_img_60.jpg,batch_s02,train,5e6e39cec93a4423cac3b2f42962e6618e74926dc735817c992689d77c3794f0,
207,batch_s02_img_93.jpg,batch_s02,train,5bcb309382b24722f586fc13bbeac9c405d98681ca779c0bc826b713bf9887d4,
208,batch_s02_img_40.jpg,batch_s02,train,7fdc05b455e686cc883f2714d18d71038ad11603318f5cde3a41b30a03ac898e,
209,batch_s02_img_66.jpg,batch_s02,train,fe542f05815f4bcadd13a05b015e376c11a8717121956274246d5f2eb4661afc,
210,batch_s02_img_37.jpg,batch_s02,train,3c498d47e6a1c2aea92ff3b54a1251cbd8af3370b9841ebfe009e89d6f5f6a62,
211,batch_s02_img_92.jpg,batch_s02,train,b481d934806a6a92cf425d87ae8a3318d3440e50683d35273fc2a6e7af2da808,
212,batch_s02_img_15.jpg,batch_s02,train,fd92863dd3343f0173ad1c2520fe86d95a2702dd00ab0fdf4c2dd0c8875ce73d,
213,batch_s02_img_77.jpg,batch_s02,train,bcee8688703a49b5e71bfb62539b71d9add7fc86a1330ef85f02572bbe3a041e,
214,batch_s02_img_25.jpg,batch_s02,train,3438ee813572e0f76ce78354ebf908b8d8c08b4e439edbe395331897af06acdd,
215,batch_s02_img_105.jpg,batch_s02,train,5906e8e410ba0ba07ac01b58461cd2b31eaa30a66fb9b44a742daf22ee3159a1,
216,batch_s02_img_127.jpg,batch_s02,train,af0f3edeee23764019c8f2a8e8e23605cf8a50dab24215917136c34d9e45234c,
217,batch_s02_img_9.jpg,batch_s02,train,9c8f3dd564e59b8f08ff58f8347853c4ca98c4578ca862db5fee68140e9664b8,
218,batch_s02_img_44.jpg,batch_s02,train,a7d78362a1e3d8a78d9be47b56e47edbd61f000d665074797a7898c74fd348c4,
219,batch_s02_img_32.jpg,batch_s02,train,1ba0868f096ad8b24d88f5b6bb4ba30fc023c85ed510454d3ae3ca132a298960,
220,batch_s02_img_150.jpg,batch_s02,train,33a789229f81fc03b0b2decc53cd3f2c9c0a1295e51b3fafa06fbb1790363390,
221,batch_s02_img_45.jpg,batch_s02,train,d775b79334ae9fe9b0598a4fd30ba993e95e27673e6d7b1c29252226b4052848,
222,batch_s02_img_61.jpg,batch_s02,train,e8beb1248a823bce6ea7507d782741a268df54b866f99737a47d770b664c4d7d,
223,batch_s02_img_74.jpg,batch_s02,train,3a03c6efde2b90662f1d7f9ec445993c7f681e0ca13e8622b8b6d4cfae1cc3c3,
224,batch_s02_img_111.jpg,batch_s02,train,9516aa58872ec3ce25048b09829145efa36a6b5d5983e50073e7b20680309ce3,
225,batch_s02_img_97.jpg,batch_s02,train,a082b1f556937a9c7aeb069fa427b27787932f4a27e3d6e307beb7c10af576fe,
226,batch_s02_img_131.jpg,batch_s02,train,b34da8a04e4504a6188404d36ae612814f4f239af512a363bfc0052af37d36cf,
227,batch_s02_img_130.jpg,batch_s02,train,1e0505df711951451644a56cf94c9fd709f7bf433d0ded8b6ec0578a7db8a7ca,
228,batch_s02_img_124.jpg,batch_s02,train,2478f9e13ac8b2bb9ae6feaceea005b7fed68bb674f37a4285eecfb64125f6eb,
229,batch_s02_img_63.jpg,batch_s02,train,e33ba070a4b39706aaf2065e1dad6bfadb62c57d58dbbe6500095984a2a7831f,
230,batch_s02_img_55.jpg,batch_s02,train,7fbbc5412ef8a4556bee52cbed7b2f81ccefe22d777a6c5eec0d869e5bc5b2ed,
231,batch_s02_img_72.jpg,batch_s02,train,66546d8063af7867c9854ed4e3a763ae1173635c5644bf6fe415dc6e22b80862,
232,batch_s02_img_29.jpg,batch_s02,train,9308b70f6ec2413ffb7792b15d2e51f097698afde971c7aa77eb36020c07bc2a,
233,batch_s02_img_53.jpg,batch_s02,train,602a4bbd65ad5a10420b5562ad73ae671fc6877da2f5c524bfb24501b6017713,
234,batch_s02_img_98.jpg,batch_s02,train,3a06b7f6c5d3773890dd0384fae354c75c5c8a6f86b4f8c154e4eef815274609,
235,batch_s02_img_122.jpg,batch_s02,train,2c00260861032dfae37bbaf09e62875c5d6eaf88b14c0fb557238a2df69ef585,
236,batch_s02_img_24.jpg,batch_s02,train,63087c2df967b1ac532492527865252e3a8a997eaa4fc9657b191da41d00fdde,
237,batch_s02_img_18.jpg,batch_s02,train,047f5b67b7c357331a6d02e6dbc1d212cb0bd6637c2b2d89d79cc1eb4d39c39b,
238,batch_s02_img_73.jpg,batch_s02,train,b6a625d241fdc7b9feedcd19ddaefa03deec67948d4866ea7343e0419beecc70,
239,batch_s02_img_109.jpg,batch_s02,train,b98bc8c495d759d61e530e12c6326c96bea682e933537751926f112e251c2a2d,
240,batch_s02_img_125.jpg,batch_s02,train,5e2003c5cd66be84bd7e0a418b3580897397e9f56867dbdb29228107271d53ea,
241,batch_s02_img_10.jpg,batch_s02,train,27ea6412a65742a4c692c3354ddefb67706f0933e16aff26c057efc9d4cd7074,
242,batch_s02_img_0.jpg,batch_s02,train,b13d265d958a984803fda1fc58c203fc64916271526f5b85aac260b3b4a5b8fa,
243,batch_s02_img_152.jpg,batch_s02,train,546fd5357dcaf04a9e3460e379779c4d6034b3540c9412cb3a10b92c6662a8fe,
244,batch_s02_img_69.jpg,batch_s02,train,de80e6213a572056d19500cdfed0514fc76253f426aabea21b74871f3e76e839,
245,batch_s02_img_134.jpg,batch_s02,train,8184a3a9dbe64e7277631a58e9dc1e0fee34b1efaa08d1e61f24e75779f3d82b,
246,batch_s02_img_3.jpg,batch_s02,train,36958a144a2fa781e93998970f294cce61dd3075a5111dd52ee702a6fd8d63d4,
247,batch_s02_img_118.jpg,batch_s02,train,25db8b958f54a35e485f75aa0bd374494a703246e741db5c72de2628601b8266,
248,batch_s02_img_5.jpg,batch_s02,train,b95441eb9dfc9cef09b078f9dc1f9afe8d5be7ec542e8c103caec01f08ec5385,
249,batch_s02_img_49.jpg,batch_s02,train,442d30ffc2185da6f978ecd9b9c6e60327a4c35d5b75207dc75eb6d8e4ea03e4,
250,batch_s02_img_71.jpg,batch_s02,train,93b195d36cc08122d22ad98fe7a1016778eab536a4dfbd72b2027174039cfb84,
251,batch_s02_img_16.jpg,batch_s02,train,1d050b5bbb02e5a2e8cd9808e091b5fc90b769dd9fb53df30715028d976f9615,
252,batch_s02_img_19.jpg,batch_s02,train,877675266558d88215c8167d55b60100c0a03bc79f100f26bd7d3a1298b5df9c,
253,batch_s02_img_11.jpg,batch_s02,train,b840a28a4059132364aeb61e1c4c02ce5d2834571208abf8340f738f8ed2d860,
254,batch_s02_img_94.jpg,batch_s02,train,e5633deafc61bf7facd8ce872963ddd41d78bdf922fa526196a215d54eabc29b,
255,batch_s02_img_48.jpg,batch_s02,train,1f444851bd1171a798cd3f285862e36d7a38f2bc4931723e843af9e10d8fb7e2,
256,batch_s02_img_85.jpg,batch_s02,train,4b76f653a71cd51cbb7ac4d7691252a7c19bb1613a275880a5e514a6c9e66221,
257,batch_s02_img_141.jpg,batch_s02,train,32137a536314de5a016bf6c1606c54b400ef191b41c0c323608ae2537d23a078,
258,batch_s02_img_86.jpg,batch_s02,train,122cd01674695c7ecd982e12fc3677c9c0348dc766712e62cc845b5739f6687e,
259,batch_s02_img_58.jpg,batch_s02,train,fbab3273d06fe8a0e838e56c3ff62c3f7fbfeebabefb8711ff50259b961e29ee,
260,batch_s02_img_81.jpg,batch_s02,train,6200cc43ccb5e670da260d748f02e2a4a70b4f9adcc1d6d9f98526a89df263a2,
261,batch_s02_img_7.jpg,batch_s02,train,ca57d96ab18d370549690d59b399fa56ec8e2592949d19147bcb2dd6814a52ab,
262,batch_s02_img_13.jpg,batch_s02,train,71b6b9d6fed877a2506dce85d35cd99848d69f48f25f213c303fe9636937a2a9,
263,batch_s02_img_113.jpg,batch_s02,train,c96725d8037cf245a5b535af705332b5714f8fbd36c81df5cb4435d14b14bebe,
264,batch_s02_img_84.jpg,batch_s02,train,c8ea2d95970dd05428f643839b1c0e475896b963276d8f3e78fee50bac3e4eb9,
265,batch_s02_img_46.jpg,batch_s02,train,2acab0f9e8480dd61ec89892546b3347567c5b4918b43dffcb7547e0b9f41e02,
266,batch_s02_img_140.jpg,batch_s02,train,15b8861b28f543e083dd61aa00d8ac10249f9bd3427bbba187979b19b752fd8c,
267,batch_s02_img_100.jpg,batch_s02,train,1c8b0644745b782348fdd9aef2a343f6dc035680a7e82db5156bbd2d862b42a6,
268,batch_s02_img_142.jpg,batch_s02,train,524528b125537087ebd5276833987246d99081dc39943fd116e4a2f15565805b,
269,batch_s02_img_82.jpg,batch_s02,train,4514f46ca04efae9da810b20de4cc56e4d60f31379e96efac9248533163e3ae5,
270,batch_s02_img_107.jpg,batch_s02,train,a10527ab61f205678cfbf016597d4ff649c984c77fe74e6a41e828d22c3aa122,
271,batch_s02_img_116.jpg,batch_s02,train,c13ca6610e67788044f525ee6c2adfe459c58b1d3684b6cbe48af774cd55dbe5,
272,batch_s02_img_8.jpg,batch_s02,train,d2a59e33bf79ca21938d1b00d4af510fa0c158cdeae3d9cbe519e92526f23998,
273,batch_s02_img_90.jpg,batch_s02,train,506632398877d9f310b19a917144be7c1bfc5dfcf943e15e51ede961a714873e,
274,batch_s02_img_119.jpg,batch_s02,train,04eedfbf11f0b7492d969e0867f702b3da86dd23d6ef9dd4d66b3c72ec2be854,
275,batch_s02_img_83.jpg,batch_s02,train,1f365d66b77819f82a4a1990b9c8d9f591dc77b70911c30116d9d4342c8fec7a,
276,batch_s02_img_153.jpg,batch_s02,train,9317963f7c7a1ff16bd207554baa5377b7e8123d1d35f36a25be68d58e4ea407,
277,batch_s02_img_148.jpg,batch_s02,train,880a451f12fc947ce11bfeac96931a6a7dce2f873f529650d3b64fb9ecc4ad99,
278,batch_s02_img_115.jpg,batch_s02,train,0720a81fcf3c8ae20f103c13788d0542d0cfedef26a7d9508838e6ea8512059a,
279,batch_s02_img_35.jpg,batch_s02,train,a9c492c7f8c0677fcc0c6ba47ca85cf8b0e641f41c48cf187acdf93861fbf614,
280,batch_s02_img_139.jpg,batch_s02,train,2164b4fc7bd1cc85121dd1bb46672479554f9b4dacbe24b862e1f5410f078ae2,
281,batch_s02_img_76.jpg,batch_s02,train,be4f236f25d7fa1e7bb9acc4ce38ff67dca2bbee4aacd901b93643a09bf0d6d9,
282,batch_s02_img_120.jpg,batch_s02,train,2f1f6726dccf84cd3afa24bd0eb184587c8d2c4163dae7e61a03e3977f66b70c,
283,batch_s02_img_146.jpg,batch_s02,train,016cd4487fd60be6287e732c3a7faa8ef298287af364f0a5be399cc6c062b038,
284,batch_s02_img_62.jpg,batch_s02,train,901aa61da177c81b55c4a981895ebb290c27ba94603a7592f320dddf625c81f9,
285,batch_s02_img_102.jpg,batch_s02,train,1c325a0b6883cd66cde22af1a4c5fb78018350ed8b6371aff6da928e2a27ebf2,
286,batch_s02_img_65.jpg,batch_s02,train,7c3d52a934af4e74491e1f809bc95993ab05d18964f1de1d0f318bd7dba92d3e,
287,batch_s02_img_155.jpg,batch_s02,train,4565402183d589181cc677b7d43e954c06ed136ab9f824b765bc0c754f19093f,
288,batch_s02_img_96.jpg,batch_s02,train,1eeee910bfe6d534f2afc35d6645bb3fbea6c50e5aeb17d48da363c1b8e61cac,
289,batch_s02_img_75.jpg,batch_s02,train,5e19e6e0bb908b23f8e57fc6734b217c1ccdf57ab1e1924e0ff8a2c4053c725a,
290,batch_s02_img_31.jpg,batch_s02,train,493ead51ad06d969bec86332c21094e02edbfb1598be585202e39a9c9eb0ba25,
291,batch_s02_img_101.jpg,batch_s02,train,3429aef5f178d00912674c1ca7c4bed6bc745fea94417fe59bbecf75737ef615,
292,batch_s02_img_17.jpg,batch_s02,train,d7f469339905fc705121a457bcdb80691764e0e512d3cff238e24e261e1fc316,
293,batch_s02_img_108.jpg,batch_s02,train,de20e819757d6d0c408e3ccb86c6b12df404049317695e0acafc8f5c4886c003,
294,batch_s02_img_38.jpg,batch_s02,train,3d1a435a874b7dbe86f33e61f4c006ba10a25f52fa3e133ef0e21487253f3b47,
295,batch_s02_img_87.jpg,batch_s02,train,a538814e70c7255b011b8ec33025d3991f58a4880f4e1a301f6c252b7f8484df,
296,batch_s02_img_64.jpg,batch_s02,train,372ad5dfa685720bc68a67475cef5681660a2b038decb54b4dd6282a9f158612,
297,batch_s02_img_28.jpg,batch_s02,train,afcf5aad97731c2f97afba590f404dffdb5734d5d7eb29e9a3e0e69a3fbc58b9,
298,batch_s02_img_106.jpg,batch_s02,train,f100bc108b36735f3057866ce9109d84997f67c212825e2cfb654026cf41eed6,
299,batch_s02_img_156.jpg,batch_s02,train,3a4a6124fdc3c7894fe1c468dac6b74fb80f24b857be9b38ff39b7d8f0b0b7ad,
300,batch_s02_img_23.jpg,batch_s02,train,453bd35ce6246a30ec068ca94161f678e0a3ce1f68ab4a572cb2c358542b99bc,
301,batch_s02_img_133.jpg,batch_s02,train,3e077eebf94839572b76cb449fa8e2c2a4a6adbdd449d5c9f4488bec92aab39e,
302,batch_s02_img_154.jpg,batch_s02,train,0ac72231fb4e8c0a90b7ded449e2940ece2656488d672ebcaec95cf76e48cdee,
303,batch_s02_img_22.jpg,batch_s02,train,85dac1cef55948bf995081fd1aa5fac82ca0e4b048d2c3e83ea88787dba4cd9d,
304,batch_s02_img_39.jpg,batch_s02,train,157af32812f67ea1948f857e275f51ec85b169368d42d5498c57bd822a8003d9,
305,batch_s02_img_110.jpg,batch_s02,train,9f521399ff9790ce96d8ad8b883b04bad5e9530bcfa0752602061c51b36e59ec,
306,batch_s02_img_2.jpg,batch_s02,train,12222c1a4ed38c13a7edc82b7ddbdc8ee474c4346721ba0efcfa90d139c19580,
307,batch_s02_img_12.jpg,batch_s02,train,cb549b4c4b4ddb0666325c26db6da93624717eb5b17f844d41ad0adbc64d12ff,
308,batch_s02_img_57.jpg,batch_s02,train,c2a224d7c6d256e520f96220a4e76dce85629cdf81b196a78641d62cf7f2a6bf,
309,batch_s02_img_78.jpg,batch_s02,train,4d77afb83e440cc6fce1574787ae882ce1ffda62d92c4f34af16a412b1e7fa99,
310,batch_s02_img_70.jpg,batch_s02,train,f350ada767555c6ae66f87373d1ae5b2fa11ff96c5af2dde88a1c9dd522de2bb,
311,batch_s02_img_34.jpg,batch_s02,train,d5be88239737d7cb4e70d9153afd12102f7c03c5b7239da0a0970dcaf8d8701f,
312,batch_s02_img_121.jpg,batch_s02,train,694bbafb98de62dd09ed93b526ac1a11c88aa249f837413fefa0cfc496c5c9fe,
313,batch_s02_img_21.jpg,batch_s02,train,6885bdb221ba400993ac532e7f2f94247a0e0dee8ba6c9f659242d9e2ab5b35c,
314,batch_s02_img_30.jpg,batch_s02,train,ad5b063d704a6131f436e4e31f3fa7578e34be01c28f43d741c9411b91307991,
315,batch_s02_img_129.jpg,batch_s02,train,92fa806dd9e89e0cfed265fb3432d4302d8f6976e689966ebdf218032b71dd4c,
316,batch_s02_img_4.jpg,batch_s02,train,7f4e50df648f2084ce7b59175c2c0e1b5f3ebcd0d876da8bec437b00062b1fba,
317,batch_s02_img_1.jpg,batch_s02,train,11b6657213d7e50a586127d05b91fdd0af4e4fc9efa5a4aa97273cad7e3a3720,
318,batch_s02_img_99.jpg,batch_s02,train,6218f35085df93b25d3557a6a076d2309701c24cc01e3d17a8661c37bff1c4a6,
319,batch_s02_img_143.jpg,batch_s02,train,5b4d559410a44f0ad3d57850ea31c77c1f209dba2b63ffce6348217f922f58fc,
320,batch_s02_img_51.jpg,batch_s02,train,36f98d69eb71e76cf1f5ec245ebf1da5862a543b18f24455b5de4a2894bc6283,
321,batch_s02_img_6.jpg,batch_s02,train,b01d4643b20b038b5aa18f256bb22ea3f3a65a90f81ca6963604b67c26520f6b,
322,batch_s02_img_104.jpg,batch_s02,train,80eb2b5fc8f098639bee6f8d15241d6a9d0fdc5253851f8fd28094ad8702d59d,
323,batch_s02_img_147.jpg,batch_s02,train,70755326c0382ddcebb7a07594964eb524402b2a687c80cf16e8a6ce06288682,
324,batch_s02_img_56.jpg,batch_s02,train,7ff3c968a1ca9f76ce195957a238b597feb0953f1030814fc674408ee2b67e87,
325,batch_s02_img_123.jpg,batch_s02,train,b9eb65e1381245afbc266022b3741af93c22f4a03d93ea815b944fb4b00bb513,
326,batch_s02_img_36.jpg,batch_s02,train,681595babf55841d43e63d2b4214ce028d9e092cf44944db70975bf93899a95e,
327,batch_s02_img_33.jpg,batch_s02,train,b54842f7d9c7bd5870c7ac2e84c8122a592d75eb6121c09dbd0d1a824dce917f,
328,batch_s02_img_128.jpg,batch_s02,train,5b9aca53de0c561395232ec20bf6eed9c9b6f4fe7c40ff2fad971e250c3e18eb,
329,batch_s02_img_43.jpg,batch_s02,train,cd87aefd1a82849ce1831191cda696d6f0d9d86e9971bf114e13e11d558f9d79,
330,batch_s02_img_41.jpg,batch_s02,train,e6e5f77fbeaa22d2ee96e341ed870905d09ccc8250c0c7cc0c161b4c60b778c7,
331,batch_s02_img_68.jpg,batch_s02,train,d16e0e5bb02641ed155ec96a7462a1fe4f3c21cfd203f642a3be321177b7b71e,
332,batch_s02_img_136.jpg,batch_s02,train,02e1649d87794c15622cf744ed0789498fc4a7b3c55cdcb7e2b0b1eb05af840b,
333,batch_s02_img_151.jpg,batch_s02,train,046fcca184c1528d28da687b27121938a09034a9505a263d19cf7c6fff86dc27,
334,batch_s02_img_112.jpg,batch_s02,train,d7e4834de64151c884c54dec1bbde4999793557b2d2942cbd23d196a0b041a7f,
335,batch_s02_img_80.jpg,batch_s02,train,2f83f4c860ab3c156ff6d90baa59404e24271dbbcc3aefc9b94cbe6289feaa90,
336,batch_s02_img_79.jpg,batch_s02,train,0c01522dfb35b7e81e4a6e2626ce430a7758682e746e800858719b6d94602116,
337,batch_s02_img_95.jpg,batch_s02,train,ed6d1a80b2527daf744b2febbb4876a436b9f03d621f6905d61bc355d7e2f075,
338,batch_s02_img_26.jpg,batch_s02,train,5ef290c14971c3ff98d14a396b8a726700b4c5b00d2355018435463946da66f5,
339,batch_s02_img_144.jpg,batch_s02,train,c10eeb90a1460ae8e6391dec3e8424295e2b0e6b6d8f137d7f8d6ddddcf2c30d,
340,batch_s02_img_145.jpg,batch_s02,train,8441e513712bae081786ef74e5f1a36c8f3424687d3dbee5acf654c4efccbfac,
341,batch_s02_img_59.jpg,batch_s02,train,d56a171866a15c89829ea9a28216c82669c2e8bc8b8f8f392b952b7dfcad2792,
342,batch_s02_img_52.jpg,batch_s02,train,68d49d342c1d63e84e9dacb13bea678c937abf1c0941ecb8900dd9308310819d,
343,batch_s02_img_137.jpg,batch_s02,train,32204b79fb15e467d731f1e824bf0613e1742413dc3eb9e8a4426ec21c7b86e0,
344,batch_s02_img_149.jpg,batch_s02,train,76d73221e6fe2586119e3eceee720476c89098515f5d46ff689e02122b006ff0,
345,batch_s02_img_50.jpg,batch_s02,train,afed2f545558f7b646bbbb6d5c3727048ec82ee7a50f8fca67eaacad1e5a6112,
346,batch_s02_img_47.jpg,batch_s02,train,27335ea2693e120cb91e92b6e47292d2fa826582acd7b4dd9c3f4892044d6a53,
347,batch_02_img_1480.jpg,batch_02,train,91871d7914f1c6b8eaeb106f6f626151d8c94d11250431d07c71bd0905012e75,
348,batch_02_img_1400.jpg,batch_02,train,0999fddac62ec470d6f52fc24a811aa6e53d9eea5b70e5262a926edee8f526c5,
349,batch_02_img_3700.jpg,batch_02,train,c74e449085c9ffefa99d1db6527513f7a5b1eed2b5bf174d49de00ff9f2dddcb,
350,batch_02_img_3600.jpg,batch_02,train,c5a9f4b4a1442d6ed2e878bd3caada7163f11ba8110c3f2d8dcc9fadaaf02149,
351,batch_02_img_860.jpg,batch_02,train,b4f46094558f2bdf3f9ea22b644cbef9456eaa0835f75535ce59f725754f1de4,
352,batch_02_img_3820.jpg,batch_02,train,199c6714c31685644028911495fc0c528385f0692670047b3b2faac7008f8599,
353,batch_02_img_2500.jpg,batch_02,train,890ebff50bcc507151a22c02e94e2128c0df69f1a956cf49e837d51462f0f6b4,
354,batch_02_img_340.jpg,batch_02,train,77c671b8fd83380674867c9426b7c5d6656ebe95b5f5b7badd2ed12ce9bb0e25,
355,batch_02_img_3500.jpg,batch_02,train,8ce0bbbd140fe31a12785d6eadcbfcf1e4ea29ad823e3407124e1384f1220d03,
356,batch_02_img_1320.jpg,batch_02,train,3ec34b79d3156676d0250674baaa748c5b1c6146838bf63bc71bda472c328cab,
357,batch_02_img_2440.jpg,batch_02,train,2d5181a4900d15360f57cfdc4b0fa4ba3327293fe58d8c0388d3b09cf48a0dcd,
358,batch_02_img_720.jpg,batch_02,train,80f4fa5b0afc2299f0e3c8d9f4290c697ddad017fe300bfed2d6d261a2f926de,
359,batch_02_img_980.jpg,batch_02,train,9497298177da304134ee6214b5ce74a4098837ff4dd582cbfba60796d38e8957,
360,batch_02_img_1560.jpg,batch_02,train,a976f80dde461ce5fb56fe2034d5215ea4e6e96a7b5bcbcc6a9d37ea4d3fc9e9,
361,batch_02_img_2540.jpg,batch_02,train,b9df34c1c30d850005604c51ad0ec7579933aaa534f902910a990a69fdb80094,
362,batch_02_img_2620.jpg,batch_02,train,2301571eaa7ca2c18a9f7b902556b480bead7337c186d501f19684799bfe42b8,
363,batch_02_img_3040.jpg,batch_02,train,a165f2322980274336c69a33342b6d00deca1a44deb52d6ca23a62305e392a30,
364,batch_02_img_2000.jpg,batch_02,train,044b6d74804e004bd89bb76aa9be46ca4cd3d76edc8134e1cebd3eb477ad8879,
365,batch_02_img_2800.jpg,batch_02,train,eb9f102fab1f0ce9b5ce1c880bcf6aee16f788ba342dd48cb314473f142da1cc,
366,batch_02_img_3060.jpg,batch_02,train,a671d2f8afca4b042aff386c93816dd8a8d62a07e940566779db8e363dce764d,
367,batch_02_img_320.jpg,batch_02,train,83c87eb5a2a2539332b80517e9a7e86da2f8470563ecc8617570864f497505f7,
368,batch_02_img_3260.jpg,batch_02,train,a57dcb0d814ebf4c59fb6944a63e4d8b7d9505c0cf507fc26ef3414edb56274f,
369,batch_02_img_3780.jpg,batch_02,train,fcb1d03b76fd18ecbe216345df302e33babc2131e9012bc5d70c61867117d751,
370,batch_02_img_2700.jpg,batch_02,train,1a21dbf987126d4fec4472585b64179127eaa336af7c007afc1579ce34a2c2dd,
371,batch_02_img_1960.jpg,batch_02,train,e898ab5ef713b06e5b450ff75860320af7d948d381e87f605f40a5c4bc3eb23b,
372,batch_02_img_180.jpg,batch_02,train,6600b115a10ccaf9715e081bc574c603b12a7ab3dfa0b40971b6eb3cfb9c4c63,
373,batch_02_img_3160.jpg,batch_02,train,f8504c9526ce3eb3523d5bda600a20e1ba8f46afe1768722d6b904d838351ef7,
374,batch_02_img_520.jpg,batch_02,train,c5c402a99a3ca5daf4630e32e18fa1db52c759db33f797eb1ad6ac01abc3283b,
375,batch_02_img_1460.jpg,batch_02,train,d16d3c920e8e6c339ed7d09f576e3c987fb11dac387e5f5ae02802cbe14b1ae8,
376,batch_02_img_360.jpg,batch_02,train,793c7bb3d9efdc3460add6f7178a3b533e6876fb14b263ff689c1f8097f7e8ce,
377,batch_02_img_580.jpg,batch_02,train,05b3fffc3c5e7c7afaaded0c46151381896d02df45d9645e928d6f46e1653d1c,
378,batch_02_img_960.jpg,batch_02,train,7b6355ef5f9a966e63f0db586fc51e5a01aa8e981879733b2dcf452d2cd9c160,
379,batch_02_img_2960.jpg,batch_02,train,5904443f1e9b2be7eac88df6011e2a6adeb6cf0d6d70c8f4c954f1d35cd7db9d,
380,batch_02_img_1140.jpg,batch_02,train,d6a4dfffedf7341043d54e2ac1c1ee2a8bb46227209539c3883439107a2bfbc1,
381,batch_02_img_3400.jpg,batch_02,train,63b0598d06889d88848c5efb6f296d3ba3f27dd5d1b821ed5b45e49b0e36832f,
382,batch_02_img_1680.jpg,batch_02,train,9a10d019f770b7670d4472a136565cb3b42c85b79d539598d19a141df98b8c00,
383,batch_02_img_1240.jpg,batch_02,train,58523d4944161b9a4d1b3638f76ef5d8ad913c99328e72165921afdcba7ee122,
384,batch_02_img_20.jpg,batch_02,train,f7ea2547df1801c23071544309ad8a9e0209f8c934405b37ac231df6646b6b18,
385,batch_02_img_3640.jpg,batch_02,train,32feb23ad15a428e8e26125972ee75e16bc971262946e32e04e22f10d61249c0,
386,batch_02_img_3580.jpg,batch_02,train,861d68342420d6c4b4025a27bc4c8dee7ec7b44198e9de57dd7e3d34f267964a,
387,batch_02_img_2360.jpg,batch_02,train,c5f0883eea42e35e3aa655f67cae2ae4def6c7a2e153f581f0e130e0892fa4b3,
388,batch_05_img_4920.jpg,batch_05,val,6f40b56624f9740b104239896be0e7c6e825990834d283eeb06304712cb468ea,
389,batch_05_img_4120.jpg,batch_05,val,08789ca6999a065bd65b8d93b1deb068dd2e306e67ec9cc075728f9dc264cfa0,
390,batch_05_img_1820.jpg,batch_05,val,6146f946898f8343a25732da6da83f98fa526de71f347cfbd3e2561db0db6813,
391,batch_05_img_2180.jpg,batch_05,val,751c9c88316142759f0c6a09bbfa4dc460107b820db63a44b28e138982892fa0,
392,batch_05_img_4460.jpg,batch_05,val,a32000426e4ca90e2cb67c602c40dc98cd1faf7e3140618ebaff5a81409d7485,
393,batch_05_img_5880.jpg,batch_05,val,6fe5268f5e9e838b148757729eff30ec056c18ba33a007d2d8165a409319c612,
394,batch_05_img_3580.jpg,batch_05,val,2a40bf5a32f8603b38b3aee32617c5e30342b9347ec753ebef5e9a89c63306df,
395,batch_05_img_1540.jpg,batch_05,val,29caf0a68e54fbd020a93de6e107a47380c64b9b8d677e67c9dbda7e0ff72ea1,
396,batch_05_img_1080.jpg,batch_05,val,8a75ef00956585c0968cdb317a4111168f85e8e80430a86802f4033711862537,
397,batch_05_img_4840.jpg,batch_05,val,24359415d70ef5d769b8af6f8e630748278095a07391045ab2b3fc1ba5179229,
398,batch_05_img_3940.jpg,batch_05,val,65014f34034150a882a3d7a9f1ba3a7632ce74012e8ddce224c8598de7fca52e,
399,batch_05_img_840.jpg,batch_05,val,f45aecb0ec391be2d7580bb5ec699b8fb5b665a7e5c419660f457c7431c9fe61,
400,batch_05_img_4500.jpg,batch_05,val,666bff94e92a77c2aced829e89f9dda19a914171394090e91d72f5cea2375788,
401,batch_05_img_5540.jpg,batch_05,val,124cc83cabad1d02bc701def758ff192e07aca8f20ee391d2656ffe66a521008,
402,batch_05_img_2140.jpg,batch_05,val,902dc445f6185daa9516e03b50d6a4d76e9e349d1b8e76faf7d70c0e5833d018,
403,batch_05_img_960.jpg,batch_05,val,7c2a507cd88bffe7680de993751166ec0cfedde8ddb4639eb102ff8c1b6c4dc0,
404,batch_05_img_1980.jpg,batch_05,val,cc91378ea891f3d85e6ee4b3f713aabb94a402b2eb5c09796085d10817fb57ce,
405,batch_05_img_600.jpg,batch_05,val,9e33f2c3b7929cbb15baad25d8d53ebab9af2d520fca79c2ea0d7dd38947465f,
406,batch_05_img_1060.jpg,batch_05,val,b824a07ee64dcdd9130f73e89e225f04a3413d62385c1762bdb8e6502fbdea6d,
407,batch_05_img_4040.jpg,batch_05,val,ce816342a6519a9cff194ef9f5aa912948ba796c921af98270bc415ecc708d6c,
408,batch_05_img_5080.jpg,batch_05,val,0b33e7bfbf95fe011db98a647d6fecb9feeea0e270fd187e1322ad677319ec90,
409,batch_05_img_5200.jpg,batch_05,val,4fe6accc9eadb32f93dd1b66b51cfc4538a31e967f4ecf8d52f3447dbd9920f1,
410,batch_05_img_5980.jpg,batch_05,val,9c2abaee42c764e1cc88cb14994d9e885e83466c5af5c05fc62aa75fec44b474,
411,batch_05_img_1780.jpg,batch_05,val,684d18a3cb0928b5bbb1722d16679768144d2aa547f7aaab822ef7dab0e9c732,
412,batch_05_img_4180.jpg,batch_05,val,80d7c806dbb371229a661ff3b745d89004bfe5e1a078be811636b944bdd2f249,
413,batch_05_img_1500.jpg,batch_05,val,cfc6c6177916e25d8404c5766b50359c5d1f33e1141ad3bb600813acadb8b70b,
414,batch_05_img_780.jpg,batch_05,val,bb3061d791682997b5bddda6e58e4f8368dc0a7ddf2b1efd15c4fb29986f1f4b,
415,batch_05_img_260.jpg,batch_05,val,55a3684d1a71444c73e701e7a48e9d9fd8a91a0f2832551f4b096911b7a31d3a,
416,batch_05_img_2220.jpg,batch_05,val,5d2ac403cfbdb1b26f794e37ae605ebd5ab14cf798c2c184196cd8a0245e87ae,
417,batch_05_img_1440.jpg,batch_05,val,8adde7520de4e2a7ac73e4063ade83764ce3cab9df80b1967ee713cd6c1700e2,
418,batch_05_img_2960.jpg,batch_05,val,e5d0eccfaa03806353c2e83a54f11f0e81aa19dfc5b0ba4ea3a05f6baac79200,
419,batch_05_img_6080.jpg,batch_05,val,cec5164ad440c5366955f39c9aa694c195b63f08d21bca8b3f9817113e6861f4,
420,batch_05_img_1620.jpg,batch_05,val,fccfa207a4baf3165919e46385233785ab5793aca3acc0dd10683ddd717a9543,
421,batch_05_img_5360.jpg,batch_05,val,1fa08027df492f923f6826e32efbef5dbc47a00dc2f20c63cfe2e8fc9f6a22c3,
422,batch_05_img_4340.jpg,batch_05,val,2f57a2b6df5a0fece2183773715e6bba2e54b77d64a8af4df4ff4f3d922a6e94,
423,batch_05_img_820.jpg,batch_05,val,e804f0a32968bafaf31974ac6911c89f20b0638ecabbda61d38c078bb943d926,
424,batch_05_img_1340.jpg,batch_05,val,65529f77f87b3516badcee11e61fa88da126e6b36b6590c193ed6091d0fde353,
425,batch_05_img_1160.jpg,batch_05,val,d06e204241b1dd7dc3e81cda1427e3c47fb3a8dbc0b00785e390732c1d2817a7,
426,batch_05_img_1720.jpg,batch_05,val,c95e7c6f682f3d9faf01ed52d9a2e70aaf21f141cd3fcb2aea43cf3b42818b3f,
427,batch_05_img_1240.jpg,batch_05,val,53a8670aef681c9dbb2648b9739aebf1bd97f79cb385663cb23a5657521e170d,
428,batch_05_img_1600.jpg,batch_05,val,7332c237426bf7a178dc61000e65be63ce6bc933d1a5f797e68062e35e868cc1,
429,batch_05_img_3040.jpg,batch_05,val,c76b2766645d4d37e735bc10045cfc04a05482750d64876693e0e551580841d6,
430,batch_05_img_3460.jpg,batch_05,val,1b5db3e59128adfc01e464e13a2f77c3504ce0f05ad7cd2cce0f6d37c7b8b02a,
431,batch_05_img_5760.jpg,batch_05,val,20c1f19714f62c9d35efa834b9d255ec64c9a4796f5eb4195d2ffeade577d8f9,
432,batch_05_img_2040.jpg,batch_05,val,74dc1c740949d91a8d27f5553f72268b771047e99e77649c8ade9f335a0c1089,
433,batch_05_img_2360.jpg,batch_05,val,d597e1dca8e3e1031fe32fbf2e572b0385fdc33164d68e9ad444cf0875e1d213,
434,batch_05_img_5620.jpg,batch_05,val,a44e85a0891e4eb4fb93cfec0bd957bedb87bd6e9d176e5ed14866a9b1a78f60,
435,batch_05_img_4240.jpg,batch_05,val,fe46e840ffc9edc66248ad9c865e92a8a51ba154b787a684a032c25fc8395429,
436,BATCH_s04_img_8280.jpg,batch_s04,val,9b5b84cdf8208961c62078b705eac3791ff5e26d3f76d0883d31ab690893f3bd,
437,BATCH_s04_img_3600.jpg,batch_s04,val,bf1e1933c027b1c95bc908555f718b612e689c0b084bbba57a08bde38c01b67b,
438,BATCH_s04_img_3540.jpg,batch_s04,val,fe1fda0cbfe403bcc0b11ce8407c0e251cb84694b7f2d95a35cd20dc5910084d,
439,BATCH_s04_img_1000.jpg,batch_s04,val,2e3612313299c70b3b1451c9ec9781cd6ed6f125e8cfc8783280d67af83279f6,
440,BATCH_s04_img_7860.jpg,batch_s04,val,d50ca51a04b6ccf4a7dc85ec682296071b6ef1ca53bf592472fd1642b79664d5,
441,BATCH_s04_img_4640.jpg,batch_s04,val,bee760789cc5237564c409139233aeee6cadb3cc0f3edb3320d40d62bc7bc13d,
442,BATCH_s04_img_8440.jpg,batch_s04,val,50224475b52552646db74220c749904fdeb7d8da727e53dac5949891195f3da5,
443,BATCH_s04_img_7720.jpg,batch_s04,val,1bc73d0dd713aa2e609632f630729b0282fc751af4e1e863e7efca46cc2d42b8,
444,BATCH_s04_img_7820.jpg,batch_s04,val,382b71f16a8ab74df4afbc795b849228633303797b207202e92956b28b81a2bb,
445,BATCH_s04_img_7220.jpg,batch_s04,val,94aa2d283907027fb14e471d58b5d5c753391c91d47f89c378bd51c64061187a,
446,BATCH_s04_img_3760.jpg,batch_s04,val,0e17595ca495301d4ca23ab476e53966df7b42d373ed454ca45dd6b0e548ab1e,
447,BATCH_s04_img_3040.jpg,batch_s04,val,0dfedb38328ae56b70b21cd9e453b02e2fcd0ef95c0838c0fcb3414fd378558e,
448,BATCH_s04_img_7660.jpg,batch_s04,val,aa8f7adf9eef30122ca62c4c7bab9db4f9c955341686055f6a36d00b10dec08e,
449,BATCH_s04_img_7240.jpg,batch_s04,val,f3211cb4b9072b2c01709e28618cb4c0a88638bbe4c0e8aef377911a517a36e2,
450,BATCH_s04_img_9600.jpg,batch_s04,val,a558cf79934905440f7f25cc8daa6a7cb50c5c4ede12d7e8b2cc65b67e95197e,
451,BATCH_s04_img_6300.jpg,batch_s04,val,f8e3a3b915f59147acea8ae72a7c202701ee55b1ea01bf9e50ae82d4b7928f8e,
452,BATCH_s04_img_8080.jpg,batch_s04,val,f9d9a926085a4b92a15566188cb52007a452895e741f1b3b67b69c676455849b,
453,BATCH_s04_img_9440.jpg,batch_s04,val,32c7be493e12893bc34971e9939dcf75023a3112d8ad1d72018d03c367e57b7f,
454,BATCH_s04_img_5900.jpg,batch_s04,val,8b34b26b473f25a3ba085a87f9541668811268403fab24fe45a1ad693ed05ac4,
455,BATCH_s04_img_7500.jpg,batch_s04,val,8e541e82a60da8ef8ae0bcb49f0739460593539eb75cf2281a06a4a90ca1d0b2,
456,BATCH_s04_img_4980.jpg,batch_s04,val,df834c65647cf20a92d6001cfe89dfef124333dfb30590ab2c5c2946208d7833,
457,BATCH_s04_img_3400.jpg,batch_s04,val,1b792d27bed5ec455a168afd035dc29aa211a8962626540a460751a302b5e8e5,
458,BATCH_s04_img_6100.jpg,batch_s04,val,d2085e3204858cdd7529408c96cecb0842ae013ddddf3d04afec138dd9cc4d2f,
459,BATCH_s04_img_8360.jpg,batch_s04,val,67819093cf5d77d881e7c3f533d9a8e9fc9de28b30c9fdfab66f3676e8bd2bab,
460,BATCH_s04_img_9200.jpg,batch_s04,val,c98bd6364be36e9d6b354a50b7fcd2942860f5965d5c2ddf61c2e7bf6fcd35e6,
461,BATCH_s04_img_2920.jpg,batch_s04,val,bc1af17b928807026888ea7184b61c62e81775d5ce66d6db8bde1ef00ea6153e,
462,BATCH_s04_img_9840.jpg,batch_s04,val,dc6c220ad1b01f4d3023ad68551efed65e4fc3b50a00975cdba9721c280778fb,
463,BATCH_s04_img_6120.jpg,batch_s04,val,ce610c42c7c7cc27b2a7eba83daa2c04de94cae9b5b62d9d7bcb53ed94fb76fc,
464,BATCH_s04_img_3460.jpg,batch_s04,val,3ff20c2ddd3fd00a0cd4e268bf4c0bce114b18196194a7f688ba64c92f5464f5,
465,BATCH_s04_img_7320.jpg,batch_s04,val,89dee295ec87026258d937365138773c817d1c1a66a875896fd368523a140010,
466,BATCH_s04_img_2960.jpg,batch_s04,val,5f410ff9e92b490a00caadff731e25ff8d90f4737754c6abfdfbf6cc2d5d2711,
467,BATCH_s04_img_9300.jpg,batch_s04,val,c933e55e695e9d6e114a194b45656aa32d6f1fa9d22195a21f589b9593e974aa,
468,BATCH_s04_img_6600.jpg,batch_s04,val,36a1e18217e499dac2fde82182bef401a93bba230d4965309502377d2ccc7a64,
469,BATCH_s04_img_8600.jpg,batch_s04,val,053ba153b4496883eddba57d1c485e174bbe0815ae761c04e8fc989229b608c0,
470,BATCH_s04_img_5660.jpg,batch_s04,val,62a27d4a08eaf1f85b675c4a16c3f86e6197b0132e64a0531487f6a6f6717c47,
471,BATCH_s04_img_1160.jpg,batch_s04,val,4d56acd25aedd0283935d848ef78dee81fedbdcc15a617cdbf467aa849be2c4b,
472,BATCH_s04_img_4800.jpg,batch_s04,val,c97bd7630a7165c8fe3a836c50e5a89929844db48b0895b6fa2d1097e4ae5e66,
473,BATCH_s04_img_7080.jpg,batch_s04,val,527938cb8b2d1d401386b6085d443bb7a49bac6d8b4cea49f953813b9a9bc806,
474,BATCH_s04_img_5800.jpg,batch_s04,val,b153d24b74766b9f3f1e62f7159fc619c132181e38e6ac2dc47a5357453df177,
475,BATCH_s04_img_6060.jpg,batch_s04,val,1d3c63ac399264ba9d9775ed90c585a1bfe16f443744358e6b44462ad8edffc2,
476,BATCH_s04_img_6560.jpg,batch_s04,val,94ff802fe0312de25526906766d1eb2a79cc7a6462237c612f89d75b85ca9d6c,
477,BATCH_s04_img_5840.jpg,batch_s04,val,c1864928068ff68ef9ceab303b36a47373a06fc918a1e4f5aaf9b59580d350d8,
478,BATCH_s04_img_5600.jpg,batch_s04,val,80ca420112ced39349b78ea05d46114261db155dfe3a35e3f8715217289dc209,
479,BATCH_s04_img_5460.jpg,batch_s04,val,ada98dd4889a05dddddecacad03fcdbb26e558f81a310ad1e5354d7a44d1ce39,
480,BATCH_s04_img_1080.jpg,batch_s04,val,87ea621094cae2cc8210958748bd6395227e48a93a73de1bf02970ed2007b9ff,
481,BATCH_s04_img_3320.jpg,batch_s04,val,80faf44355bd1795022ee200553338a3e0e28701dc8ddfc45c6ef62a82b55b5d,
482,BATCH_s04_img_7800.jpg,batch_s04,val,fa49e98b993346ec122621f0ea4aa1b904f5c4ec5910cd7b2542e3f6cce4def5,
483,BATCH_s04_img_9360.jpg,batch_s04,val,297e69af4e4dec98969f3c8ebcb02b6cccb2a61525a3bab6a3852915545d5dcb,
484,BATCH_s04_img_6640.jpg,batch_s04,val,a79e0956aa28b66f1cec83417ef1eb009e07e77b30f0abcdd9d8bef1a85dc075,
485,BATCH_s04_img_2640.jpg,batch_s04,val,2f19917702a61a3e9924088c45bbb166b3b523a0df4e6a3e547a35a5b26ae183,
486,BATCH_s04_img_7960.jpg,batch_s04,val,96d31783183fc092dafa2d92cdedc4997d0eab5934026b832069333e79ef04d0,
487,BATCH_s04_img_6500.jpg,batch_s04,val,a0b862fbcbfeb335cbdfe1d3dd32ddc58021967da303f4264ee61bca2a4b0ac6,
488,BATCH_s04_img_6920.jpg,batch_s04,val,ada733920311bccf3492135947b3b9f938e0c8cc099350b688d45d71f26ed944,
489,BATCH_s04_img_4160.jpg,batch_s04,val,859d07ce8ec0a7c98e204875f87ce8db7e2be274fc14a53c5f30c1559903015d,
490,BATCH_s04_img_1240.jpg,batch_s04,val,eda9d0aacdde74e79c77c7be650fe4783b62f430d01f08e09eadf9250ac5c4e3,
491,BATCH_s04_img_5760.jpg,batch_s04,val,42d52be4522cd13921f9dd37b7103226d3b59162ac464f2498207acb672d4b0f,
492,BATCH_s04_img_6460.jpg,batch_s04,val,12673a4293b69088f0559bb668a04bed9347dbe9cffe2f468df08ca26f2389e9,
493,BATCH_s04_img_7380.jpg,batch_s04,val,b030d607f52b40dae7ef7686933fe94b4c9233bf0aae20c6cf279d44f2f96e4e,
494,BATCH_s04_img_4720.jpg,batch_s04,val,55bc74002767399dab3aa3823be99970a599d8c1ee0c601273beab16a2253cf7,
495,BATCH_s04_img_6200.jpg,batch_s04,val,da66061730b70615ae7af71cb8db20055bf2bdbf0548efd261f86504cb259ab6,
496,BATCH_s04_img_9900.jpg,batch_s04,val,024fe3d00daaf6be70c46bd12b618c7b01b843ac8be8035e37e49ba85b765026,
497,BATCH_s04_img_9740.jpg,batch_s04,val,83c16472c3496144816db3467ead6945695ebc25bff36ca59380ed0036081c4e,
498,batch_01_frame_0.jpg,batch_01,test,aa1bda318fc4799091e6a1835fda4d408b1af765f35aee9ddeb35092b8f0895a,
499,batch_01_frame_29.jpg,batch_01,test,ee903fe2961b84b175ca3a2a50956b8749f571c83527d0b6d816c3325257436b,
500,batch_01_frame_24.jpg,batch_01,test,5e2e15e1a95b43aeb343a86b4cbbb15c6d703680c1d5fdc1c8ded124f3a5660d,
501,batch_01_frame_2.jpg,batch_01,test,a1aa07305456588ee0e4f5ed1068adf68311e57027b9d2b1f9fb802fea8f0432,
502,batch_01_frame_35.jpg,batch_01,test,6db648598db692efe1f1a4912c8d1ebde701f99c7928dde68c337a9bb321a62a,
503,batch_01_frame_7.jpg,batch_01,test,c5c3d76e1cbadcbce509863ddb91a8fc586dc27105b0b498fd94ad18f303a22c,
504,batch_01_frame_26.jpg,batch_01,test,6bd137bf47d9f3f3d77623c9cf74e9a7fe9dbe0049642b47fa536fde14649ee3,
505,batch_01_frame_28.jpg,batch_01,test,dc5007513ea898b8c66aa2513de8691896d5e022f76fae53d231ffe719649d72,
506,batch_01_frame_14.jpg,batch_01,test,c98d70ffd25c7ec86b20eb36219efeeb20bc18adcd2029005cb1260075d3349c,
507,batch_01_frame_32.jpg,batch_01,test,9cc52431c842dc33d44e5a8c28712f3e78395622bb6828bb4b676624eac42b76,
508,batch_01_frame_20.jpg,batch_01,test,08be4513e88fef8e9f3d4dd4a02afab546945689bf8c2ed0a12e7c9b06b7c673,
509,batch_01_frame_4.jpg,batch_01,test,060464e0bb463b545cd548d6cc7f8cc4280bff5a5aaf209c7f730bec542a12a2,
510,batch_01_frame_31.jpg,batch_01,test,44456e2df470c98c298fbac5987846abf70b49b25f70669d33a6802767a96677,
511,batch_01_frame_13.jpg,batch_01,test,769cf63c79f69201a6ec1c84b962dd0c3b5282f103226eccaf375fd7d0004fe1,
512,batch_01_frame_21.jpg,batch_01,test,332f67e3f3a36d8f89d7e794a4c46996686d2e46dfb6a1de2f041ccf7b15571f,
513,batch_01_frame_27.jpg,batch_01,test,b724da71484f89509ff7dfbe20e583b70ed8a6c7392e2961b8128f167e7919dd,
514,batch_01_frame_22.jpg,batch_01,test,7a32a38769b2067513c756f396fdbdfcc6951a7f821c18fb925625c45901c331,
515,batch_01_frame_25.jpg,batch_01,test,fdbab57b4af48b75b4a81d033c8dbb237b88bcf7926099995c86f7d95caf6d53,
516,batch_01_frame_10.jpg,batch_01,test,c3fc28ea711e1cf5beb5d8fc082f907f5a890fe9d73ac3eb7ead3b0e1f78ba3c,
517,batch_01_frame_3.jpg,batch_01,test,09eecee7bee34fc37d280d2766221e688e77154dc474468b56bd5841e1c7a81e,
518,batch_01_frame_8.jpg,batch_01,test,d1d0b779b3037874aa2a398d1e2387feba9136002d2ab6912696e99098ed414a,
519,batch_01_frame_6.jpg,batch_01,test,9a8e89cab1dbdaf517f59f8315cdd7a554663573737655742d95061a3c3f0c7e,
520,batch_01_frame_5.jpg,batch_01,test,0bad5fcffc3210b17eee3b6c808ed07c29b417bf74378b578a58d35e8850349d,
521,batch_01_frame_30.jpg,batch_01,test,27bc65142950150c794c34b1c7b882a7d92a92c941ce76704c8d369e812a4da5,
522,batch_01_frame_17.jpg,batch_01,test,eeba272453ac7cc8a3fc52dd5d248e22d30490583764b0747a39d53d2c17a08a,
523,batch_01_frame_12.jpg,batch_01,test,b7897f7c0df11a78e7e79000497642afc8583219911eda9164805dff86420a2a,
524,batch_01_frame_15.jpg,batch_01,test,15804bb85238132b74bfd703cb1c67b089c74023cf68b33a7e12403c71fdcb1f,
525,batch_01_frame_18.jpg,batch_01,test,59f65dde2c0b57fcfd7b7d07196f9f5c35762d9a5ad5c9ef3dc616f775f37838,
526,batch_01_frame_23.jpg,batch_01,test,c5c32b95e0946727201d994a28ce2375fb09da855b511a65fffb72aadab19f07,
527,batch_01_frame_11.jpg,batch_01,test,44f3c675d47bcb8f266c3b816d1e107f03129f3b8900d4789dc0fc15298d8ca1,
528,batch_01_frame_19.jpg,batch_01,test,c5e277b7c41d806b494a28f94eaa99d4215bdbe48c2c75373cf2c5df22cbdb72,
529,batch_01_frame_9.jpg,batch_01,test,b00c2a57eb062503208dc6304b24781a9bbb2329bc00628e54075ea0fead4743,
530,batch_01_frame_33.jpg,batch_01,test,1571c717bcfe158298bd42f1144ec4387322a6dad1126d6b8e16227fd3564c51,
531,batch_01_frame_16.jpg,batch_01,test,ee57a76e5fc69ddb2d141e7d788ef902a0c6ef80a18993b07181e99dadf54edb,
532,batch_01_frame_34.jpg,batch_01,test,f9bc3e3285757bf6242a2a8a5c6520695bdbed4a5ff9b1a0e812f6e66977ec7e,
533,batch_01_frame_1.jpg,batch_01,test,0cbc10400c956a74b792d696351227c6ce8ae8cb8bc08e601ec21bfa1a6d18b1,
534,batch_s01_img_2800.jpg,batch_s01,train,cdaffc351c2f89b7209b98f90d13720dca403d215ede4f7d85a1a318e3f5d50c,
535,batch_s01_img_1560.jpg,batch_s01,train,29b3c5fc4537aa3c9acaca375b30fedddcae8ab37423330d4460fd12d4d6ebe8,
536,batch_s01_img_1440.jpg,batch_s01,train,ba3aeaa52198eaabbc5236c5bf06d00c5e376cc3407e41d48e611da2af7e3cce,
537,batch_s01_img_3100.jpg,batch_s01,train,efd5e7206534564571b3c68113d360281c8f86d2bb8bc240efd861969f1da1d5,
538,batch_s01_img_1920.jpg,batch_s01,train,0fd12def31af1332669923323e27067729efd4f576cf133099a8411cf3a727c9,
539,batch_s01_img_1160.jpg,batch_s01,train,e997edf5067d3ae81ff596064fef5f53c957041ac3492c7175121094b912600b,
540,batch_s01_img_2720.jpg,batch_s01,train,bdbc12badb9537a2d62ceef57b4400f8beb2dacf519acba873f492f4f1e27f71,
541,batch_s01_img_540.jpg,batch_s01,train,807e32e4afe0d7a939d99e31e64723c872f8aee72c8eaf1d20c53f68dc47ccf9,
542,batch_s01_img_2580.jpg,batch_s01,train,f9ab6afedf87201bb5bca13b17f5a5f0271064af8d4307f64c8b8e0e88d46dbf,
543,batch_s01_img_2980.jpg,batch_s01,train,1e35f9702d3fd648c9ded6b78a28162b89e9022bb7fa99ed62f532ee6f9b03ca,
544,batch_s01_img_2300.jpg,batch_s01,train,e7e51c31f35b44ae93c436bf7454677fe02d7e378f194ba3fae0a4bf575df104,
545,batch_s01_img_680.jpg,batch_s01,train,adb1e1e7e12cc7c461100ee9ea0a8758fc953bc471afe5cdf8c2c95b713263bb,
546,batch_s01_img_980.jpg,batch_s01,train,8e8698ae5a0d95533e7f290b62e6c14f7b44860df086cc4f90ddf12f5091e32b,
547,batch_s01_img_2440.jpg,batch_s01,train,30412571d85096823da684770d9784021eb196b0ea22ea18b4ec25e0672f7bc3,
548,batch_s01_img_800.jpg,batch_s01,train,4c48cf0ba4070a2a2d9b2758d49199751c02190b4bf611b26c9cc3ca7b732041,
549,batch_s01_img_1700.jpg,batch_s01,train,ebe0e8a45ca6e49b9bc0ad2c2c2d6406a2ee84938f59c5a2072a86141b9a307c,
550,batch_s01_img_400.jpg,batch_s01,train,51e2fa8ae3cb09d7f2950aad849eff5b6728322c1bc28e6bb82abc09722ba41a,
551,batch_s01_img_2960.jpg,batch_s01,train,83d7f44eee26b6e947c4c5189c184f343bc36b4defe33c55c8d9efc787a57525,
552,batch_s01_img_1320.jpg,batch_s01,train,88123b24b53447cc07fba8ff500530ea88b01cfe61a7c9f8f07a9446cafe1586,
553,batch_s01_img_2880.jpg,batch_s01,train,7c4696918342f7ea88172889358aac72305b8c84c01e3b40a55b2999615680d0,
554,batch_s01_img_460.jpg,batch_s01,train,e91b872898eb1d4042f9617753a6c8819d54d906293f1f17ecf72f3982a4fab1,
555,batch_s01_img_1660.jpg,batch_s01,train,e6fa3aee14938f412b0e8f21839988328c4eb9b5643f6d4123e1408afcbe70c7,
556,batch_s01_img_2780.jpg,batch_s01,train,610f3ea8f5b9d25e71adfa65378f779ee8a90c9402d07b30c649f3552aa7719c,
557,batch_s01_img_2360.jpg,batch_s01,train,c6eaf370f1a0ba4b4fbeb7118b66eca13025989a04ccf45f929b0e5e3e7fcd86,
558,batch_s01_img_2220.jpg,batch_s01,train,47a8f22b99b185176ee4f3c3f3a490ab0f7caa6bc33250c0c7c30890891aeab2,
559,batch_s01_img_2740.jpg,batch_s01,train,fc0f7c3bf8dfa12dfe6b43bbddf5277f45a2116dd3119fb77052751aa73d9dc9,
560,batch_s01_img_1060.jpg,batch_s01,train,5f71657a2a092a8ba30c3cb02b89be3d81cdc8c05a5324ea2486e943fd39da46,
561,batch_s01_img_1760.jpg,batch_s01,train,b17bdeb941adee76efcbdbf463f23ce712b2cea77a99ffa7b0a38325e6cc27e4,
562,batch_s01_img_620.jpg,batch_s01,train,f9a8a6bd69c366fee5e1be91547223d37775783ed1303a3d6bce4024b7ea299d,
563,batch_s01_img_2680.jpg,batch_s01,train,0b761919bd8eb9e425a3ae6342b77afd9c79684b9c439b5827188d55faff30ae,
564,batch_s01_img_2920.jpg,batch_s01,train,caa7ffe299dafe1fbf12a061f3e7d7a9f20cf7aa25462e740d660243961dd711,
565,batch_s01_img_2080.jpg,batch_s01,train,4e9c8910fdee4b6d4dd8d4b7a010947f9db9997bdbec8f06e0fe68ca718c1fad,
566,batch_s01_img_1240.jpg,batch_s01,train,48be66c7c87586f8afe5529ac543c5631e75c60205f9a140c84aa9223353c7fa,
567,batch_s01_img_860.jpg,batch_s01,train,6332d0aa898bd4b55a3a458b00172fe78755aeb29deb45798026aa31d8800423,
568,BATCH_d06_img_2700.jpg,batch_d06,train,f1d40b46d6fd78b4a522cd853f460aed40a2750f19e3305673b941aafb154b4a,
569,BATCH_d06_img_3100.jpg,batch_d06,train,2b374367be6daabb56007d6bb92c2f9bcba24b4fba20fe632b3d177f61b60a06,
570,BATCH_d06_img_1270.jpg,batch_d06,train,a564297e8a2420bb8f4fb13ec36ed91b0f6642374627de96984bc82b6bae91f6,
571,BATCH_d06_img_2400.jpg,batch_d06,train,2f84b5ff50400c509a0fa6298c78ee56c2170c12fa5ce68f8df53bbabe07fa18,
572,BATCH_d06_img_3180.jpg,batch_d06,train,aef152e728a5df3c09a0c5f280c6e9883dd746f76366a8f0283834f07e495451,
573,BATCH_d06_img_3040.jpg,batch_d06,train,3d035a7ce13fee1fe448b4be379940602e7e4879e6f671b76a60ef847a7e14a5,
574,BATCH_d06_img_2840.jpg,batch_d06,train,24371c508fab62a2965034694fff938501eacbfc4932c24df8b02ab49c291208,
575,BATCH_d06_img_1390.jpg,batch_d06,train,24fcec279ead2d28b53af42d94dfac4fc544e6614d6a95edad0d3dd86f37ebd9,
576,BATCH_d06_img_2320.jpg,batch_d06,train,904c6b5238e81cd6cd5c3e949780ade9d6d1902800637c6083740413c6f61aa6,
577,BATCH_d06_img_2540.jpg,batch_d06,train,3d5881f4738c34651a580c8257b1dbed82dd359628188c4d0c2b66cf1158dcd3,
578,BATCH_d06_img_3340.jpg,batch_d06,train,1b70cc1680c05e3a27f557766f3ef8820e3ad15f0689d0bcde0f66fbfd0e1ea0,
579,BATCH_d06_img_1660.jpg,batch_d06,train,8b3f2acf425808d78c0500a00e692b19287db3d06b311caffe5299c8469b9962,
580,BATCH_d06_img_2260.jpg,batch_d06,train,cc195db966de03222fb04419b0544f140a5792e8470a989011110a9905deec07,
581,BATCH_d06_img_3220.jpg,batch_d06,train,b25b0fc9022e95b4401f3135f99616fd389645d2d6626635e9e8b450088ccdb3,
582,BATCH_d06_img_2360.jpg,batch_d06,train,16237f9dee91bb9ec7098b106e772462e4f146e50afad33569bede7061d5b314,
583,BATCH_d06_img_1140.jpg,batch_d06,train,83dba4fa890d242055dc25aa88f582d9e107984b20a81017208754c6c3e4c744,
584,BATCH_d06_img_0.jpg,batch_d06,train,75731d9ce6d6c22dbef66be0b4929c8822be68f032a6d4acfd6843527021fbb2,
585,BATCH_d06_img_3280.jpg,batch_d06,train,736d9ecc5ad7db7317df38f1787135212c63cece6f94cf35ec40b3fb814d9e6c,
586,BATCH_d06_img_270.jpg,batch_d06,train,6cccbd0aa904b7d0f20b4bcfa6d65b72c69bdb468cf930334ff86218e0fa73f4,
587,BATCH_d06_img_1750.jpg,batch_d06,train,5a8916e14690c92a82a0cb3841692bff4a58fea747c98fafcbcecbb26814c6dc,
588,BATCH_d06_img_2500.jpg,batch_d06,train,8fe0e3c1c20b9329c685960e93d4554da622579ca1896aee15474f4eb5682ad8,
589,BATCH_d06_img_1500.jpg,batch_d06,train,12a0273b02e69a1fe1f12a08e826a86aef6f80e58ba4de282a0a8c8363189e75,
590,BATCH_d06_img_3360.jpg,batch_d06,train,a40ebd74e3d93dcbcce10ecd307cf03899c2739eb6e9d3209ff3296c2875e9a5,
591,BATCH_d06_img_130.jpg,batch_d06,train,3b07161dc2bb8418aa042830eb1dfcfda9d2939ad806ecd5b0e8ad60c5ab57a3,
592,BATCH_d06_img_1640.jpg,batch_d06,train,720aebab4e1b1827fa1f368070a95c5e3f537af257e8f8c412b31e599a1c6a15,
593,BATCH_d06_img_1790.jpg,batch_d06,train,649d788d69e5999515a34c3f296087aabcb9d23e56f3a7c90d1588ecb1d5ead2,
594,BATCH_d06_img_1440.jpg,batch_d06,train,9f7d01b33754692688537662f1eedd800abae4738d12469d610e04e34fd8bf74,
595,DJI_0010.JPG,unverified_dji,train,ff3054ba511ddee90fffc0035c9d2447681c71de032e5353cbc99b1be55ee408,
596,BATCH_d06_img_1050.jpg,batch_d06,train,80010b35567fc419040819ae153b7e8732b27a80583a639556c54de1c3c8c100,
597,BATCH_d06_img_2940.jpg,batch_d06,train,82aced28e933dde1c2449d89f0e79d1b40f0c0e3e6c75c7bece42196580f5234,
598,BATCH_d06_img_830.jpg,batch_d06,train,70c865741a31bb1ae47c3ab756c79dac6db753a522d8b3abd9f4ff87c2c5a22d,
599,BATCH_d06_img_1580.jpg,batch_d06,train,324524bb184c9fab32bea407d7389b25317c23e94f2233c9f40f35ffdeb51555,
600,BATCH_d06_img_920.jpg,batch_d06,train,e036c6e90ab2670d8c4ea670b40bf4d26511a074db114e579231bd18c221ce35,
601,BATCH_d06_img_200.jpg,batch_d06,train,5690f8e48a60520db1e6b70fd5704e71647ce9a6d73f56f487a30cf54e4cf693,
602,BATCH_d06_img_710.jpg,batch_d06,train,6b0722acd0b2fe8cd4da5e01412be25f92ba922c03c668efdcc2248b9baffb20,
603,BATCH_d06_img_3120.jpg,batch_d06,train,6d05d25bc654cc58dbb39dbc6eee6689af98367a1e380ade447ca960db094a67,
604,BATCH_d06_img_380.jpg,batch_d06,train,098f2bff05c5c9b8fdbf078639a3c244498e51f6317eada77774094690d108fd,
605,DJI_0009.JPG,unverified_dji,train,cfab9a0236ba2e47900ed94076fd5704a82ed87b457f3ab4a4ec47687c4dc4eb,
606,batch_03_img_3160.jpg,batch_03,train,1f0bc7745db1eec0dccb5a1f88044ce2b8ddaf496ad57b9e00ed0eb4dc37f831,
607,batch_03_img_3660.jpg,batch_03,train,c38e8d8604da9690c6e5639ec56614d23305c0899d007da23e91b41370a749e7,
608,batch_03_img_3340.jpg,batch_03,train,fef9aee146003ad7e873843c3e59583e17435f278497694fdc869963114b1326,
609,batch_03_img_2480.jpg,batch_03,train,b0ac8ae83d48c529524e333092f2a11c98d43607494678bb2f7177061314a649,
610,batch_03_img_600.jpg,batch_03,train,6a8d8b85580a32ae2fa701225a5c172fdaad815f08114c7a33d9085092626ac9,
611,batch_03_img_1560.jpg,batch_03,train,10687974a435f8384d2db5714ebcb4c426811257b636e4a4637f1a2140f551a4,
612,batch_03_img_720.jpg,batch_03,train,d0099268e52c5e8c4be00c0a7514bcb431e9fd8354e436b35f51acd162766dba,
613,batch_03_img_2720.jpg,batch_03,train,8f49df78dee0a65f234454b2dc5c8515bf47f92f7b33cc582e6f5e6664bc0913,
614,batch_03_img_3020.jpg,batch_03,train,d310f6d097d5e41e97083eacd7321f21ec0e606dd2ca8d4228efbbb2fdc729ba,
615,batch_03_img_1920.jpg,batch_03,train,3af36c512cce018ee186df0c30648430ea5f062c88dacea0f582c3757394724d,
616,batch_03_img_820.jpg,batch_03,train,49b3f0337ea78a63847fcffefe48d0a8c965b93f2ade74ee1a5d5bc30bc4aa93,
617,batch_03_img_2920.jpg,batch_03,train,a51a5d09cdb13424a5c9b16a9403c8784a7f5dfba2a96dfdde75d80deafe26de,
618,batch_03_img_1740.jpg,batch_03,train,1f810f832eeecec022dcf51d904f293b48b532be8e2c5f74734452ff357c79e9,
619,batch_03_img_1280.jpg,batch_03,train,73e285ea1b2ed97a5a8663c6e1c2111a5b2eaa26296447a1cf940622dc9189b7,
620,batch_03_img_2180.jpg,batch_03,train,37d42f9709ffd922f262ff7216a561b06f4a51455a190e4424dd13732047d9e9,
621,batch_03_img_2100.jpg,batch_03,train,5645f8528a3511cf457f5901a48f77dce3ca96f97ef7fb4fcc37de74f3863f02,
622,batch_03_img_660.jpg,batch_03,train,8a82dbf1c6bc5e80ecc2e8e3d22daf9639cf094480f4c168e3315c7631fc5609,
623,batch_03_img_3380.jpg,batch_03,train,3bad964ed100e9918f5e6e87384a2d78ea6cc1769d4e12976daa83d21560717c,
624,batch_03_img_3740.jpg,batch_03,train,a49a7c01b3115695857c1b0cd528567f1ba60053f799f142e41c784c97669dd4,
625,batch_03_img_2160.jpg,batch_03,train,54a48e2a547685608c18ab6130b618681005478a79d79f3d16a1f39012007509,
626,batch_03_img_3120.jpg,batch_03,train,42df5ab2adbf070d1fa601f0964ce7f9dc3f896fde11423877aa7674600ce4e4,
627,batch_04_img_2240.jpg,batch_04,test,c9d2e5b25aba58840b88aa04372b4a906dfa4b4e252126525302d277944e18ef,
628,batch_04_img_1820.jpg,batch_04,test,7e87ab04efb8a681f962715d0d6c584505d5c25b803b5e19b91459d72618fda7,
629,batch_04_img_3320.jpg,batch_04,test,d98182ba64c72865e88b86eef9d2aedb78d04f9f20abe757d4379b788cb50adb,
630,batch_04_img_3600.jpg,batch_04,test,3f4f641f156102ccd1ae3d5350e547602ce4c55d5189218af6ff8241a015808c,
631,batch_04_img_4580.jpg,batch_04,test,5238ca4bbcb4de24d14a254c4bff0312e24eb99ca196f2e2609238c79f822bdd,
632,batch_04_img_260.jpg,batch_04,test,f85b772006d6d5e50a1e82bd5b1dd9c4bd4d9c0d3748ee1d04aa9b2de1beeba3,
633,batch_04_img_3360.jpg,batch_04,test,424dbcae289bf59e9883b232f4d00fea9615c1c28c66e2d7b41b12a163528b15,
634,batch_04_img_1780.jpg,batch_04,test,3aa594386204e80cf95890b4fdb2af52d3d8ae22a50e9764baf72b474c607472,
635,batch_04_img_3720.jpg,batch_04,test,abad7be3825387af0eb441e21d1765f6e0fa528a0ccde8b40f1182311a4f44e7,
636,batch_04_img_2420.jpg,batch_04,test,0eaa55cb00f6eb76d56a47c2a8e79b80f1c71b4ec28dbd8af17154f99c679724,
637,batch_04_img_2560.jpg,batch_04,test,ccc1f83f0772dabcbcd9c15b482986988b1d7f15a5bc0c8447f3f692ec4e2896,
638,batch_04_img_4620.jpg,batch_04,test,553c0b7a91e388c840fe3efc7a4f75cbbf2316f181467cd142bf8bc11929ab1b,
639,batch_04_img_4660.jpg,batch_04,test,961ddae8d50de7e87b70ca3534854f9926aad775dceaab07b016270d95bedafe,
640,batch_04_img_4400.jpg,batch_04,test,b416e67ee582cf22235bcd9f028f4f75f6db6b2aa50872c2b7aa27baeb1f42bc,
641,batch_04_img_2020.jpg,batch_04,test,b2c79e85163655b8c094a8f708ede0301116fd66b2a1b33360b64dd8fdaffcb8,
642,batch_04_img_1660.jpg,batch_04,test,535742b44815b6a371c54f10c80deedfe4fc97bff2fea2a537059ac9f7c7e9b6,
643,batch_04_img_4240.jpg,batch_04,test,aac21ae27c260a485de2a051ef10666f8cbd946e3a4d7d795d956380a5f45efd,
644,batch_04_img_1520.jpg,batch_04,test,8920aef7e224297d230b0a2ae44134f3e71ee272a617a22aa3a6699ea2e6af36,
645,batch_04_img_1180.jpg,batch_04,test,38e96a16ad831204a4c644c61b14381e4c39c7c5844f4ffbcd9f283f06065bfc,
646,batch_04_img_2300.jpg,batch_04,test,36a5f9cd8481563e9214bea0fc9739b0c4986d28a833d8603d2800e910a050e0,
647,batch_04_img_3400.jpg,batch_04,test,8f8c2197bb3c0edbf9a8887c5fa78aa6ccb2cb8b949a3b64b782d6da2c1ba303,
648,batch_04_img_4480.jpg,batch_04,test,8ed1147caae718b67402af9949c8bac58c1107ddeead253f474a4d5ff9b014db,
649,batch_04_img_4180.jpg,batch_04,test,8c31688ac2ca69c6af79aadf00df5c049d2d73921ac6212a9a528fd14ea0ed71,
650,batch_04_img_3180.jpg,batch_04,test,13acbd57ba19e809349794a64f2926a6f50b970238e01993e0235e74b581dc38,
651,batch_04_img_720.jpg,batch_04,test,34db543af93a286545922dee80a341732210c42f26747bd4e6464a9f9c086e29,
652,batch_04_img_3760.jpg,batch_04,test,7f4c3632b70cae9c65b9b280fa2d7ad540268cc5372cc689533fb3b684ab7511,
653,batch_04_img_1940.jpg,batch_04,test,6647a7844bf022ed08b7f4202b22d673b7f728f71aec65b76e717b50ea1610f1,
654,batch_04_img_980.jpg,batch_04,test,b9151a049f5f34e0581de67d1a395f915df8061102934196126f89ae522f513d,
655,batch_04_img_1560.jpg,batch_04,test,42cecd1116f860afa199452ec73099fb82a79ec14446bf0ca36ec048e102311f,
656,batch_04_img_140.jpg,batch_04,test,ce73473b7521c45c8c96eeac57460f3f02424b2c23d2f98cbd23fc93e6591e4f,
657,batch_04_img_4080.jpg,batch_04,test,cdeea82f0cfd263b27bdb5d4cbe88cc2b62b895bff89f07fc559467b268bf8ee,
658,batch_04_img_3340.jpg,batch_04,test,63ddb38a84b6800ead180edb3b6d58246cb385e9fccc421779393953d7693309,
659,batch_04_img_1320.jpg,batch_04,test,78717e27a4f3a349f38357bed5bf46d7546831361c7fb9620dba43e79d4830b2,
660,batch_04_img_2780.jpg,batch_04,test,f31df5dd7581e81c83e9fd7a0df764789771758723c946867c14db8746640e9a,
661,batch_04_img_1620.jpg,batch_04,test,1f6ebf32246911d4db891afd34aa78a26b9a20af71d9ee402e9929cf8aa1453e,
662,batch_04_img_2900.jpg,batch_04,test,51a8e2cf6fa9c2163cc7612b9fef22948b5ea3b3c760589fbefd96ad103b2bcc,
663,batch_04_img_4340.jpg,batch_04,test,484280c29c8322b95521f218696b777fadc3c18b1f6a37ac41a79a5546731f4f,
664,batch_04_img_2080.jpg,batch_04,test,f216bfa005128ad901d004a90606efb9e130a16fe2d979407ee1e4876fc79530,
665,batch_04_img_4540.jpg,batch_04,test,985234746309aaf555a821b4cda6a3f5492342da7d43d2eaa9533af37fd120e6,
666,batch_04_img_4300.jpg,batch_04,test,8a652f47258511b26cc90473286d90f496b12444e748345a49888c28b1f279a6,
667,batch_04_img_1640.jpg,batch_04,test,93758a2051837ebdbb380d2771d78976704f93342bd7df2e47519af0cb5a1b76,
668,batch_04_img_2860.jpg,batch_04,test,d053617652bf25474118610249c51ec6d5ed28cf8d1af8c4e2116d7fd02f5943,
669,batch_04_img_680.jpg,batch_04,test,f6b5300f1e375c60fbfee86c551d44868c09473eeb52f6f23fac5790f50cc677,
670,batch_04_img_1140.jpg,batch_04,test,29daf9d11f88cd27bc8a343d2271b247361fddc84887149907e4f1ac2b573fef,
671,batch_04_img_1260.jpg,batch_04,test,f0121a047e14b052cb20f080c49165b985c066de35af2a3f28b34aa63ea2c24e,
672,batch_04_img_1020.jpg,batch_04,test,a0a5ecc9efebabd050cd0f5bfec7e119e78d107b500ae87ecb57d12ee538430d,
673,batch_04_img_2140.jpg,batch_04,test,fa4787770c80d7145e0e373cc2e2ad7c5ec45b56b524c03c85db75eaf115522d,
674,batch_04_img_1400.jpg,batch_04,test,d4b84a81a95006899beff0b7d7acec9bf8c384626790f56472604dfe5a57bc5f,
675,batch_04_img_3680.jpg,batch_04,test,27f18068e486939a8316cca0d5b4a5b1c1ca0f6d6a8abe3ed85e9e904cdbffc8,
676,batch_04_img_4140.jpg,batch_04,test,318f334a6afc86d746bfcdd4f0e0ffdeb517d05a58e830476e26c76ac940ef05,
677,batch_04_img_1120.jpg,batch_04,test,692c147acac1c8940dff6e23ca45e127ade2b2c3061d7d8ad8a3aa8611a61f07,
678,batch_04_img_3800.jpg,batch_04,test,8df377b12b5284a3d23669a68bb1e365ecef2e753e26464eeaca8387b427311b,
679,batch_04_img_840.jpg,batch_04,test,7573635ef9023aee12afca786db5e50bde17b2d3b8468b7ac46d469167109a6c,
680,batch_04_img_3080.jpg,batch_04,test,caf34927209c429e650839a8243ccf11d30ae12e95c8aace6e098ad6b5815fb1,
681,BATCH_s05_img_6580.jpg,batch_s05,val,d930752bf78784cadb9ab417db874c798e30414be0c8b78fd3f52ee5959ab05e,
682,BATCH_s05_img_8100.jpg,batch_s05,val,6592a4e9f32f9afb6e60c47dd58391baadd99fca5b51a58b6df394a57f3e1120,
683,BATCH_s05_img_3940.jpg,batch_s05,val,329fbd9a1a6818ccf8db4d01ab3a50e19d8aeb6719907ae0bde202ae94f63747,
684,BATCH_s05_img_5990.jpg,batch_s05,val,a931da1d4877122e9312172b1c9c0ef833001d2de8e22acb76959ef5d215e78a,
685,BATCH_s05_img_7690.jpg,batch_s05,val,f1daf27531bd8f2583c7dd5d91c657390561ff125bdb779c8e907e3d0b4de8cb,
686,BATCH_s05_img_8800.jpg,batch_s05,val,f96542f79a6582a53f58b3d559f01fb47c4c954d7834c89783410cefbbc05a07,
687,BATCH_s05_img_9400.jpg,batch_s05,val,0b00f186516ad8a2f0eb1f500f4b2254dd907d939b4f9a3692b4035be291ea8e,
688,BATCH_s05_img_9690.jpg,batch_s05,val,7e57f5db3edbe6a5fad790ad124eb2db6bedd51a18c628be20aa8c84cc67a44e,
689,BATCH_s05_img_5230.jpg,batch_s05,val,2b6dbafd52eed78c89ebe3fdb1a47e32fbf5df7e92f8bdf669d0527261815184,
690,BATCH_s05_img_11130.jpg,batch_s05,val,2833277d82473186483f2b6ff3e40e83d262c5de1372aba663f1e0e937345b6a,
691,BATCH_s05_img_6050.jpg,batch_s05,val,95bbfb2c42fd305fa75cba7ea39baa1eec1a5601c723057a01da8e9bbf286014,
692,BATCH_s05_img_11210.jpg,batch_s05,val,a769272469d7dad4b17aae730a8040869d89e67dbcc12144ba0d8ee1a0fb86e9,
693,BATCH_s05_img_5740.jpg,batch_s05,val,c431677d4aadbee4c04bfc06b67d492236fe097b0bf6b1bb94c22cf8f560bd23,
694,BATCH_s05_img_7600.jpg,batch_s05,val,741209d9eedbfcd1b6a80f4bff53b3db46d0548454e6b2b90d64ab95b4237ea0,
695,BATCH_s05_img_9220.jpg,batch_s05,val,ae5041e6c2cfefac56ba7fe7f66aea403c0e9ac920df3142b15ff7de57368a59,
696,BATCH_s05_img_1610.jpg,batch_s05,val,4c2fc86f3bc8c19db39549355bb86d19c098739d8b7e3c69a039ef1f239ad685,
697,BATCH_s05_img_9470.jpg,batch_s05,val,1badbca7ae17cfbbec34459466e9e1b71086d1c1ef9e32b97fbf321e02ceace3,
698,BATCH_s05_img_510.jpg,batch_s05,val,49fba6bb7f3818e46598fd39f5b613ba0ebbf73bf79fe754aa4bc7653305cd11,
699,BATCH_s05_img_7460.jpg,batch_s05,val,137604f3e96aafd7128e5ea2cccd8cf2c2e6130ef095455607e23eac5eed18f1,
700,BATCH_s05_img_8470.jpg,batch_s05,val,38eb6fd76f1458216aede6c81ccdcfc520f1cee3b6a3e373f935e1d36bff38a0,
701,BATCH_s05_img_11050.jpg,batch_s05,val,f943a8f815717ebfd2dea24e57d26e9223ad5820d22c3a0db99cc1f0c1131f58,
702,BATCH_s05_img_210.jpg,batch_s05,val,4913ea015d34406de1431866d535f05835e25433a4d0c47f493e44c6c8de28f4,
703,BATCH_s05_img_4250.jpg,batch_s05,val,2b0f0481a7b890faad8ee8e234f198892c43b82c19b1eada258586ba9ab9f358,
704,BATCH_s05_img_5660.jpg,batch_s05,val,d8dd0ce64a8306704da6593670d11dcef53bd72016d856506e85fc09f7605e8b,
705,BATCH_s05_img_9110.jpg,batch_s05,val,5cce2607b53f0918f50ffac7603352808210a732fddd57f0b9e841b9cf19237b,
706,BATCH_s05_img_9010.jpg,batch_s05,val,c40d6e615278b4dbfecec08dbd8bd8eba69145b83252c0af0786bf4714b3a860,
707,BATCH_s05_img_7260.jpg,batch_s05,val,bb81c9e85bd3f9737528fcd918e4d4ec38bf57801de6ab9ef2b64a16fdee98d4,
708,BATCH_s05_img_3790.jpg,batch_s05,val,d480cd2ac38cfc7824a1b88d7b4db32706d530fb76c9003622ed831bfc10091f,
709,BATCH_s05_img_2630.jpg,batch_s05,val,afa8036ce06d29fdf2dcbae4d9b358c6f57e7330ebc50790edfe625314021bd9,
710,BATCH_s05_img_8950.jpg,batch_s05,val,a88de96e2628cd72c13d17b03963caaf60dc75403a1e5c044d352672fa2aa570,
711,BATCH_s05_img_5590.jpg,batch_s05,val,928a8dd5d6e28f1b7eea9a35eb3d224ff18fc97c4861a6928f8c324e97f59b61,
712,BATCH_s05_img_3520.jpg,batch_s05,val,29c2270ad663704394e4a83e6928bbae1b8c22cebc94e760ba0db67d08571ddd,
713,BATCH_s05_img_7940.jpg,batch_s05,val,356088bce2ff3477bdb8f975ae789ff41f091226a4066635ce8b2c3c94bb8baa,
714,BATCH_s05_img_8070.jpg,batch_s05,val,1618a624f39ef3407200645f036d54645d78bce46b7f15a286c930a61ff895ca,
715,BATCH_s05_img_6490.jpg,batch_s05,val,cc0e4eb700b579f7adffe2aefd5568984db11926af54367ba107aa27598f22a7,
716,BATCH_d08_img_2810.jpg,batch_d08,train,14fb7218203aefe3f1e51660d306d85e86c63ccc502122d81a5aaf9a315d7b91,
717,BATCH_d08_img_520.jpg,batch_d08,train,9dd0bf8c506517ec1c8ac9cf9cdfce3f40137fb1d62080b94adc3a15a2465ffc,
718,BATCH_d08_img_580.jpg,batch_d08,train,ff99333f5a3d108adcec57e42c51f096829cfbb4dc55c8fdf6103b230f7f9901,
719,BATCH_d08_img_1420.jpg,batch_d08,train,7b33d47a3d2d759d191ec7d33528f538139e612cd98f4593e27f260af78a1b0b,
720,BATCH_d08_img_4340.jpg,batch_d08,train,70cca7fd4f11e95a8d21e88f7549753b629af5fa3a4b5f0945e9c9309e46e0e5,
721,BATCH_d08_img_820.jpg,batch_d08,train,82d75333319f9ac23b019fc60e228250fcb9288812c21085a8e477e204c2d756,
722,BATCH_d08_img_2580.jpg,batch_d08,train,1771964ca1dad0f3b00df4e758ac746b3c5ae4beed120ca1750394153752b74f,
723,BATCH_d08_img_490.jpg,batch_d08,train,a0c4947146bcf78606122900c79630cd1015ce3c28de5b1333af4190cf499162,
724,BATCH_d08_img_1030.jpg,batch_d08,train,280078f9c5dafef9368808125ef8a406a9e5f075f9bdde2ff9cd593bc7ec6830,
725,BATCH_d08_img_5400.jpg,batch_d08,train,5adb20b6f0885689b5c31eb8751e4cea28a0b418984d927ae89f137cf1c0d28b,
726,BATCH_d08_img_3090.jpg,batch_d08,train,35b72271e9a6b779b7de2d6ba68e887c58800b8a18553a8b66195a4cc0725884,
727,BATCH_d08_img_4070.jpg,batch_d08,train,f2f19640d27334f148abab39554f5ba597353f6d6af3370e4e611a04f5056f9d,
728,BATCH_d08_img_1760.jpg,batch_d08,train,63ef86ea0fac7d0e414735ae27ba3652f25902e5fe111f25139cb935618833fa,
729,BATCH_d08_img_3000.jpg,batch_d08,train,ffe6619a5c9bf228ae73fdd90ef7030382d7d60a2f75cd386d5efac37f45c958,
730,BATCH_d08_img_4850.jpg,batch_d08,train,ae15428a31eab2b34564b657095153841bf80f494e82beaa9833221d5e0bd21a,
731,BATCH_d08_img_2890.jpg,batch_d08,train,785163dc4eca7823cd7d04c0f7ff65d0a7aa36c3870b3a907a265f69ffeea775,
732,BATCH_d08_img_1300.jpg,batch_d08,train,42d40304ad18a3e7614ecb9767c984d7ef1ad24fa2f2e98f992a595e53de2a63,
733,BATCH_d08_img_5300.jpg,batch_d08,train,63b0d73c5ecb2c12497dea91282f0bed762336bb2d282c0f30c9a75e165c3f3a,
734,BATCH_d08_img_4520.jpg,batch_d08,train,d05e034851885e4890f09c033cc4d298240eaeaa1d8222621bc0396eed145c96,
735,BATCH_d08_img_4220.jpg,batch_d08,train,ecfb89e34cabd3ddd025232d572f2b54e8e054211b4e8840aa349e773b7a741f,
736,BATCH_d08_img_2640.jpg,batch_d08,train,f308ef6e22b5501501a898eb862ec2914f7732c2177475cce75cb6365f507d18,
737,BATCH_d08_img_710.jpg,batch_d08,train,961c6dce403f41e82e09038fa83984e9172b5c4ccc54ac102aedf0239fa1a2c6,
738,BATCH_d08_img_4290.jpg,batch_d08,train,995c3f109e38271d8493982e32d0bbcc25348a3e5320e7e4a4e9043511f4ba87,
739,BATCH_d08_img_3950.jpg,batch_d08,train,a278338e810415814dab8d4402a6557bc9bf040dd805198c5df76f522509c5f5,
740,BATCH_d08_img_3130.jpg,batch_d08,train,8cddd6270219a38b3a942e479044ddbf8646b6f1e5c0c567313a74d548925226,
741,BATCH_d08_img_1590.jpg,batch_d08,train,06afc5d8828ee12d6b94c142302a06cb45b8de42ade195730e97725db1c13d97,
742,BATCH_d08_img_4460.jpg,batch_d08,train,902e8a111494f59dab2b475a82847069dc91dcc7cf14bcf7a913259221030aab,
743,BATCH_d08_img_350.jpg,batch_d08,train,db95d170f3054d0b82feb1e5eee677633291aa7d18fd1f1171549730549d8a88,
744,BATCH_d08_img_5040.jpg,batch_d08,train,3e2b38f0a6a125de9e53f8bb3d5b8cbd75ddc5bdbafcac3e9a16f6d911ab7292,
745,BATCH_d08_img_4420.jpg,batch_d08,train,47bfcf184342e49b052c9fadb29904120fa15128b0de8b9c625d2986e839a8b7,
746,BATCH_d08_img_4640.jpg,batch_d08,train,46b819be863c98253297f0d45d535b9cd828cf58683e2a1faed39694a855fe40,
747,BATCH_d08_img_3050.jpg,batch_d08,train,2343be46bd5c35de88a33e6fc30ee5e0e8b203769cfc98c7ab3dc318b5c8efbf,
748,BATCH_d08_img_2210.jpg,batch_d08,train,81cc4b6501c0e1ca82389ddf48c1404daeab817e7017d616ba3c8cc848344285,
749,BATCH_d08_img_1260.jpg,batch_d08,train,48dcc68a371f731d0050a130548dc40a89e246788457d964758539ef1e1a11a8,
750,BATCH_d08_img_2850.jpg,batch_d08,train,8026ff41ed0df5fde37872ffe8aecf874d923f83ce694032abad4142969573ec,
751,BATCH_d08_img_4050.jpg,batch_d08,train,c686ef9972d434990f08ec7da41e3c2621b2aa5316296f8625fd796a22df9ab7,
752,BATCH_d08_img_5120.jpg,batch_d08,train,908ba978c95c42238314a6f303023f9fb7d55a68c8cf3d1d00b2b945b6e9b870,
753,BATCH_d08_img_950.jpg,batch_d08,train,21ee3ce82872585807cb40e6229006e6665aa500e378c83e8ab6323fd1362266,
754,BATCH_d08_img_1630.jpg,batch_d08,train,e3c484ebe792a15a75b8bb790fa0089b5722f718dcf413ebf8890633b465670c,
755,BATCH_d08_img_990.jpg,batch_d08,train,c657235c7dfaf7b84be96d54e6835936de940dad12d0f5850cb48253c26ce33a,
756,BATCH_d08_img_660.jpg,batch_d08,train,36d2b1ffc7371f23c8ccaeed8d967ef773f65cd7fab6e1aa91d482e66ffc388c,
757,BATCH_d08_img_1510.jpg,batch_d08,train,d8c5822a36f37449c803903a8d799ba75ddd8eec79ec806552153c8904bfaefe,
758,BATCH_d08_img_2280.jpg,batch_d08,train,e99e68ebd8793ce00739d296026ef4203d240e194ce698940f01f61941950fbf,
759,BATCH_d08_img_590.jpg,batch_d08,train,14a1c430f888e5dc2ae1f9b002f21071135d4dd91a9e8c1846729ad7067d2e90,
760,BATCH_d08_img_390.jpg,batch_d08,train,34e22f8e2e89cb54fcfa2a3f759f1307aacfceb6b20f9864cc2e7a11fca890e8,
761,BATCH_d08_img_2500.jpg,batch_d08,train,762f7d90b17728210531eb1398cdd80e9477649bc91252b3fe4ab759b16f0ef6,
762,BATCH_d08_img_1210.jpg,batch_d08,train,350506ceb52ff3d1ae10597b76fcff1bcb064a20ee5226fe27626ceb490f2aa4,
763,BATCH_d08_img_440.jpg,batch_d08,train,9793131a5e6f4810c11ef78ff85274bb315d684fc501715bd20a7ee25fa49233,
764,BATCH_d08_img_4600.jpg,batch_d08,train,9345a6dfbd24dc1a71c3f51053c0dc3f4ed1f7662dc3251d70220b6b790899e2,
765,BATCH_d08_img_5050.jpg,batch_d08,train,413c609b2db4c812919feb050d5ecd536e55155880f92f8e27db8b4ea3a1f772,
766,BATCH_d08_img_1360.jpg,batch_d08,train,d38406273f8ac9d6f43fe84bd202672b3753d38bdcd8aa7c14d27308bfeeaf2c,
767,BATCH_d08_img_4150.jpg,batch_d08,train,8f995a62e6be2e1a71b88ef5b2573b4c21206bb89a058e6bfd688cb24d855a19,
768,BATCH_d08_img_3190.jpg,batch_d08,train,d15e6f09008bfb6d9e609289ff6cad6aee569bc194a729d6809f8daa7a4d96a8,
769,BATCH_d08_img_5470.jpg,batch_d08,train,a923424f87ff0e673aa8061a3d2fc59be4de6bb9eacb78341a750314ba984dcc,
770,BATCH_d08_img_4700.jpg,batch_d08,train,2617e6619068dfeefce574793ed4b0c17061d4c88c36b7a5c13dc7e3098bc2ee,
771,BATCH_d08_img_1060.jpg,batch_d08,train,b24f0a1c6625e502cc2a45686dbc10e2bd2afbefbb3f63694ca6f0626bfb3eab,
