image_id,source_file,split,output_file,x,y,width,height,objects
0,BATCH_d07_img_6400.jpg,train,images/train/image_00000000.jpg,0,0,3840,2160,5
1,BATCH_d07_img_580.jpg,train,images/train/image_00000001.jpg,0,0,3840,2160,8
2,BATCH_d07_img_2380.jpg,train,images/train/image_00000002.jpg,0,0,3840,2160,4
3,BATCH_d07_img_880.jpg,train,images/train/image_00000003.jpg,0,0,3840,2160,4
4,BATCH_d07_img_4550.jpg,train,images/train/image_00000004.jpg,0,0,3840,2160,5
5,BATCH_d07_img_410.jpg,train,images/train/image_00000005.jpg,0,0,3840,2160,4
6,BATCH_d07_img_6030.jpg,train,images/train/image_00000006.jpg,0,0,3840,2160,3
7,BATCH_d07_img_3470.jpg,train,images/train/image_00000007.jpg,0,0,3840,2160,1
8,BATCH_d07_img_6970.jpg,train,images/train/image_00000008.jpg,0,0,3840,2160,1
9,BATCH_d07_img_5110.jpg,train,images/train/image_00000009.jpg,0,0,3840,2160,2
10,BATCH_d07_img_1250.jpg,train,images/train/image_00000010.jpg,0,0,3840,2160,2
11,BATCH_d07_img_450.jpg,train,images/train/image_00000011.jpg,0,0,3840,2160,5
12,BATCH_d07_img_2760.jpg,train,images/train/image_00000012.jpg,0,0,3840,2160,3
13,BATCH_d07_img_2340.jpg,train,images/train/image_00000013.jpg,0,0,3840,2160,4
14,BATCH_d07_img_610.jpg,train,images/train/image_00000014.jpg,0,0,3840,2160,7
15,BATCH_d07_img_2080.jpg,train,images/train/image_00000015.jpg,0,0,3840,2160,2
16,BATCH_d07_img_7260.jpg,train,images/train/image_00000016.jpg,0,0,3840,2160,1
17,BATCH_d07_img_2930.jpg,train,images/train/image_00000017.jpg,0,0,3840,2160,2
18,BATCH_d07_img_4370.jpg,train,images/train/image_00000018.jpg,0,0,3840,2160,3
19,BATCH_d07_img_1760.jpg,train,images/train/image_00000019.jpg,0,0,3840,2160,6
20,BATCH_d07_img_4730.jpg,train,images/train/image_00000020.jpg,0,0,3840,2160,4
21,BATCH_d07_img_1700.jpg,train,images/train/image_00000021.jpg,0,0,3840,2160,6
22,BATCH_d07_img_4670.jpg,train,images/train/image_00000022.jpg,0,0,3840,2160,2
23,BATCH_d07_img_1390.jpg,train,images/train/image_00000023.jpg,0,0,3840,2160,4
24,BATCH_d07_img_360.jpg,train,images/train/image_00000024.jpg,0,0,3840,2160,1
25,BATCH_d07_img_600.jpg,train,images/train/image_00000025.jpg,0,0,3840,2160,8
26,BATCH_d07_img_1120.jpg,train,images/train/image_00000026.jpg,0,0,3840,2160,2
27,BATCH_d07_img_510.jpg,train,images/train/image_00000027.jpg,0,0,3840,2160,6
28,BATCH_d07_img_6520.jpg,train,images/train/image_00000028.jpg,0,0,3840,2160,2
29,BATCH_d07_img_2670.jpg,train,images/train/image_00000029.jpg,0,0,3840,2160,2
30,BATCH_d07_img_2500.jpg,train,images/train/image_00000030.jpg,0,0,3840,2160,2
31,BATCH_d07_img_3010.jpg,train,images/train/image_00000031.jpg,0,0,3840,2160,1
32,BATCH_d07_img_2820.jpg,train,images/train/image_00000032.jpg,0,0,3840,2160,2
33,BATCH_d07_img_3330.jpg,train,images/train/image_00000033.jpg,0,0,3840,2160,2
34,BATCH_d07_img_650.jpg,train,images/train/image_00000034.jpg,0,0,3840,2160,7
35,BATCH_d07_img_6110.jpg,train,images/train/image_00000035.jpg,0,0,3840,2160,4
36,BATCH_d07_img_6230.jpg,train,images/train/image_00000036.jpg,0,0,3840,2160,5
37,BATCH_d07_img_5020.jpg,train,images/train/image_00000037.jpg,0,0,3840,2160,4
38,BATCH_d07_img_4430.jpg,train,images/train/image_00000038.jpg,0,0,3840,2160,3
39,BATCH_d07_img_4720.jpg,train,images/train/image_00000039.jpg,0,0,3840,2160,5
40,BATCH_d07_img_2220.jpg,train,images/train/image_00000040.jpg,0,0,3840,2160,2
41,BATCH_d07_img_1010.jpg,train,images/train/image_00000041.jpg,0,0,3840,2160,2
42,BATCH_d07_img_4880.jpg,train,images/train/image_00000042.jpg,0,0,3840,2160,6
43,BATCH_d07_img_5380.jpg,train,images/train/image_00000043.jpg,0,0,3840,2160,3
44,BATCH_d07_img_3860.jpg,train,images/train/image_00000044.jpg,0,0,3840,2160,2
45,BATCH_d07_img_5470.jpg,train,images/train/image_00000045.jpg,0,0,3840,2160,2
46,BATCH_d07_img_5780.jpg,train,images/train/image_00000046.jpg,0,0,3840,2160,4
47,BATCH_d07_img_5210.jpg,train,images/train/image_00000047.jpg,0,0,3840,2160,1
48,BATCH_d07_img_5960.jpg,train,images/train/image_00000048.jpg,0,0,3840,2160,3
49,BATCH_d07_img_320.jpg,train,images/train/image_00000049.jpg,0,0,3840,2160,1
50,BATCH_d07_img_5400.jpg,train,images/train/image_00000050.jpg,0,0,3840,2160,3
51,BATCH_d07_img_1450.jpg,train,images/train/image_00000051.jpg,0,0,3840,2160,5
52,BATCH_d07_img_3270.jpg,train,images/train/image_00000052.jpg,0,0,3840,2160,1
53,BATCH_d07_img_2310.jpg,train,images/train/image_00000053.jpg,0,0,3840,2160,3
54,BATCH_d07_img_3380.jpg,train,images/train/image_00000054.jpg,0,0,3840,2160,2
55,BATCH_d07_img_1830.jpg,train,images/train/image_00000055.jpg,0,0,3840,2160,2
56,BATCH_d07_img_5980.jpg,train,images/train/image_00000056.jpg,0,0,3840,2160,3
57,BATCH_d07_img_3170.jpg,train,images/train/image_00000057.jpg,0,0,3840,2160,2
58,BATCH_d07_img_4480.jpg,train,images/train/image_00000058.jpg,0,0,3840,2160,4
59,BATCH_d07_img_6200.jpg,train,images/train/image_00000059.jpg,0,0,3840,2160,4
60,BATCH_d07_img_460.jpg,train,images/train/image_00000060.jpg,0,0,3840,2160,5
61,BATCH_d07_img_6320.jpg,train,images/train/image_00000061.jpg,0,0,3840,2160,7
62,BATCH_d07_img_2960.jpg,train,images/train/image_00000062.jpg,0,0,3840,2160,1
63,BATCH_d07_img_4610.jpg,train,images/train/image_00000063.jpg,0,0,3840,2160,3
64,BATCH_d07_img_810.jpg,train,images/train/image_00000064.jpg,0,0,3840,2160,6
65,BATCH_d07_img_2270.jpg,train,images/train/image_00000065.jpg,0,0,3840,2160,3
66,BATCH_d07_img_1550.jpg,train,images/train/image_00000066.jpg,0,0,3840,2160,6
67,BATCH_d07_img_4920.jpg,train,images/train/image_00000067.jpg,0,0,3840,2160,6
68,BATCH_d07_img_950.jpg,train,images/train/image_00000068.jpg,0,0,3840,2160,2
69,BATCH_d07_img_6020.jpg,train,images/train/image_00000069.jpg,0,0,3840,2160,5
70,BATCH_d07_img_1650.jpg,train,images/train/image_00000070.jpg,0,0,3840,2160,7
71,BATCH_d07_img_6800.jpg,train,images/train/image_00000071.jpg,0,0,3840,2160,1
72,BATCH_d07_img_1610.jpg,train,images/train/image_00000072.jpg,0,0,3840,2160,6
73,BATCH_d07_img_5900.jpg,train,images/train/image_00000073.jpg,0,0,3840,2160,2
74,BATCH_d07_img_6160.jpg,train,images/train/image_00000074.jpg,0,0,3840,2160,5
75,BATCH_d07_img_1500.jpg,train,images/train/image_00000075.jpg,0,0,3840,2160,5
76,BATCH_d07_img_4760.jpg,train,images/train/image_00000076.jpg,0,0,3840,2160,4
77,BATCH_d07_img_1160.jpg,train,images/train/image_00000077.jpg,0,0,3840,2160,2
78,BATCH_d07_img_7030.jpg,train,images/train/image_00000078.jpg,0,0,3840,2160,1
79,BATCH_d07_img_6940.jpg,train,images/train/image_00000079.jpg,0,0,3840,2160,1
80,BATCH_d07_img_2600.jpg,train,images/train/image_00000080.jpg,0,0,3840,2160,4
81,BATCH_d07_img_4970.jpg,train,images/train/image_00000081.jpg,0,0,3840,2160,5
82,BATCH_d07_img_6360.jpg,train,images/train/image_00000082.jpg,0,0,3840,2160,5
83,BATCH_d07_img_4310.jpg,train,images/train/image_00000083.jpg,0,0,3840,2160,1
84,BATCH_d07_img_2720.jpg,train,images/train/image_00000084.jpg,0,0,3840,2160,2
85,BATCH_d07_img_2520.jpg,train,images/train/image_00000085.jpg,0,0,3840,2160,3
86,BATCH_d07_img_2420.jpg,train,images/train/image_00000086.jpg,0,0,3840,2160,6
87,BATCH_d07_img_3990.jpg,train,images/train/image_00000087.jpg,0,0,3840,2160,2
88,BATCH_d07_img_6740.jpg,train,images/train/image_00000088.jpg,0,0,3840,2160,1
89,BATCH_d07_img_720.jpg,train,images/train/image_00000089.jpg,0,0,3840,2160,6
90,BATCH_d07_img_1330.jpg,train,images/train/image_00000090.jpg,0,0,3840,2160,3
91,BATCH_d07_img_5710.jpg,train,images/train/image_00000091.jpg,0,0,3840,2160,2
92,GOPR0038.JPG,train,images/train/image_00000092.png,0,0,4000,3000,14
93,GOPR0040.JPG,train,images/train/image_00000093.png,0,0,4000,3000,11
94,GOPR0032.JPG,train,images/train/image_00000094.png,0,0,4000,3000,11
95,GOPR0028.JPG,train,images/train/image_00000095.png,0,0,4000,3000,3
96,BATCH_s05_img_1260.jpg,val,images/val/image_00000096.jpg,0,0,3668,1628,2
97,GOPR0035.JPG,train,images/train/image_00000097.png,0,0,4000,3000,1
98,BATCH_s05_img_1940.jpg,val,images/val/image_00000098.jpg,0,0,3668,1628,1
99,camera_img_1.jpg,train,images/train/image_00000099.png,0,0,4032,3024,1
100,GOPR0030.JPG,train,images/train/image_00000100.png,0,0,4000,3000,12
101,GOPR0023.JPG,train,images/train/image_00000101.png,0,0,4000,3000,2
102,camera_img_3.jpg,train,images/train/image_00000102.png,0,0,4032,3024,2
103,GOPR0056.JPG,train,images/train/image_00000103.png,0,0,4000,3000,2
104,GOPR0048.JPG,train,images/train/image_00000104.png,0,0,4000,3000,5
105,GOPR0041.JPG,train,images/train/image_00000105.png,0,0,4000,3000,9
106,camera_img_2.jpg,train,images/train/image_00000106.png,0,0,4032,3024,1
107,photo_2020-10-23_14-02-02.jpg,val,images/val/image_00000107.jpg,0,0,960,1280,2
108,GOPR0039.JPG,train,images/train/image_00000108.png,0,0,4000,3000,9
109,GOPR0021.JPG,train,images/train/image_00000109.png,0,0,4000,3000,3
110,GOPR0043.JPG,train,images/train/image_00000110.png,0,0,4000,3000,65
111,GOPR0026.JPG,train,images/train/image_00000111.png,0,0,4000,3000,5
112,GOPR0050.JPG,train,images/train/image_00000112.png,0,0,4000,3000,5
113,GOPR0046.JPG,train,images/train/image_00000113.png,0,0,4000,3000,17
114,GOPR0055.JPG,train,images/train/image_00000114.png,0,0,4000,3000,35
115,photo_2020-10-23_14-02-01.jpg,val,images/val/image_00000115.jpg,0,0,960,1280,1
116,GOPR0033.JPG,train,images/train/image_00000116.png,0,0,4000,3000,10
117,GOPR0025.JPG,train,images/train/image_00000117.png,0,0,4000,3000,6
118,GOPR0049.JPG,train,images/train/image_00000118.png,0,0,4000,3000,6
119,GOPR0019.JPG,train,images/train/image_00000119.png,0,0,4000,3000,3
120,GOPR0024.JPG,train,images/train/image_00000120.png,0,0,4000,3000,5
121,GOPR0029.JPG,train,images/train/image_00000121.png,0,0,4000,3000,18
122,GOPR0036.JPG,train,images/train/image_00000122.png,0,0,4000,3000,11
123,GOPR0052.JPG,train,images/train/image_00000123.png,0,0,4000,3000,4
124,GOPR0027.JPG,train,images/train/image_00000124.png,0,0,4000,3000,1
125,GOPR0022.JPG,train,images/train/image_00000125.png,0,0,4000,3000,2
126,photo_2020-10-23_14-02-04.jpg,val,images/val/image_00000126.jpg,0,0,1280,960,12
127,photo_2020-10-23_14-02-00.jpg,val,images/val/image_00000127.jpg,0,0,960,1280,13
128,BATCH_s05_img_3590.jpg,val,images/val/image_00000128.jpg,0,0,3668,1628,2
129,BATCH_s05_img_1230.jpg,val,images/val/image_00000129.jpg,0,0,3668,1628,2
130,photo_2020-10-23_14-02-03.jpg,val,images/val/image_00000130.jpg,0,0,1280,960,3
131,GOPR0044.JPG,train,images/train/image_00000131.png,0,0,4000,3000,4
132,BATCH_s05_img_20.jpg,val,images/val/image_00000132.jpg,0,0,3668,1628,1
133,BATCH_s05_img_1960.jpg,val,images/val/image_00000133.jpg,0,0,3668,1628,1
134,BATCH_s05_img_2080.jpg,val,images/val/image_00000134.jpg,0,0,3668,1628,3
135,BATCH_s05_img_3960.jpg,val,images/val/image_00000135.jpg,0,0,3668,1628,1
136,GOPR0020.JPG,train,images/train/image_00000136.png,0,0,4000,3000,1
137,BATCH_s05_img_3500.jpg,val,images/val/image_00000137.jpg,0,0,3668,1628,1
138,GOPR0037.JPG,train,images/train/image_00000138.png,0,0,4000,3000,16
139,GOPR0042.JPG,train,images/train/image_00000139.png,0,0,4000,3000,8
140,GOPR0053.JPG,train,images/train/image_00000140.png,0,0,4000,3000,1
141,GOPR0047.JPG,train,images/train/image_00000141.png,0,0,4000,3000,7
142,GOPR0051.JPG,train,images/train/image_00000142.png,0,0,4000,3000,4
143,GOPR0031.JPG,train,images/train/image_00000143.png,0,0,4000,3000,15
144,GOPR0054.JPG,train,images/train/image_00000144.png,0,0,4000,3000,7
145,GOPR0045.JPG,train,images/train/image_00000145.png,0,0,4000,3000,4
146,GOPR0034.JPG,train,images/train/image_00000146.png,0,0,4000,3000,4
147,camera_img_0.jpg,train,images/train/image_00000147.png,0,0,4032,3024,3
148,photo_2020-10-23_14-02-05.jpg,val,images/val/image_00000148.jpg,0,0,960,1280,23
149,BATCH_s03_img_3360.jpg,train,images/train/image_00000149.jpg,0,0,3668,1628,12
150,BATCH_s03_img_3200.jpg,train,images/train/image_00000150.jpg,0,0,3668,1628,9
151,BATCH_s03_img_3160.jpg,train,images/train/image_00000151.jpg,0,0,3668,1628,15
152,BATCH_s03_img_1460.jpg,train,images/train/image_00000152.jpg,0,0,3668,1628,7
153,BATCH_s03_img_380.jpg,train,images/train/image_00000153.jpg,0,0,3668,1628,4
154,BATCH_s03_img_3660.jpg,train,images/train/image_00000154.jpg,0,0,3668,1628,7
155,BATCH_s03_img_1100.jpg,train,images/train/image_00000155.jpg,0,0,3668,1628,10
156,BATCH_s03_img_440.jpg,train,images/train/image_00000156.jpg,0,0,3668,1628,8
157,BATCH_s03_img_4300.jpg,train,images/train/image_00000157.jpg,0,0,3668,1628,4
158,BATCH_s03_img_3120.jpg,train,images/train/image_00000158.jpg,0,0,3668,1628,6
159,BATCH_s03_img_3040.jpg,train,images/train/image_00000159.jpg,0,0,3668,1628,4
160,BATCH_s03_img_3540.jpg,train,images/train/image_00000160.jpg,0,0,3668,1628,4
161,BATCH_s03_img_1320.jpg,train,images/train/image_00000161.jpg,0,0,3668,1628,7
162,BATCH_s03_img_3700.jpg,train,images/train/image_00000162.jpg,0,0,3668,1628,6
163,BATCH_s03_img_3340.jpg,train,images/train/image_00000163.jpg,0,0,3668,1628,11
164,BATCH_s03_img_3460.jpg,train,images/train/image_00000164.jpg,0,0,3668,1628,5
165,BATCH_s03_img_640.jpg,train,images/train/image_00000165.jpg,0,0,3668,1628,7
166,BATCH_s03_img_300.jpg,train,images/train/image_00000166.jpg,0,0,3668,1628,12
167,BATCH_s03_img_840.jpg,train,images/train/image_00000167.jpg,0,0,3668,1628,2
168,BATCH_s03_img_3780.jpg,train,images/train/image_00000168.jpg,0,0,3668,1628,3
169,BATCH_s03_img_2200.jpg,train,images/train/image_00000169.jpg,0,0,3668,1628,14
170,BATCH_s03_img_3420.jpg,train,images/train/image_00000170.jpg,0,0,3668,1628,6
171,BATCH_s03_img_1000.jpg,train,images/train/image_00000171.jpg,0,0,3668,1628,7
172,BATCH_s03_img_3640.jpg,train,images/train/image_00000172.jpg,0,0,3668,1628,10
173,BATCH_s03_img_1160.jpg,train,images/train/image_00000173.jpg,0,0,3668,1628,7
174,BATCH_s03_img_1040.jpg,train,images/train/image_00000174.jpg,0,0,3668,1628,10
175,BATCH_s03_img_2300.jpg,train,images/train/image_00000175.jpg,0,0,3668,1628,7
176,BATCH_s03_img_540.jpg,train,images/train/image_00000176.jpg,0,0,3668,1628,11
177,BATCH_s03_img_660.jpg,train,images/train/image_00000177.jpg,0,0,3668,1628,8
178,BATCH_s03_img_2800.jpg,train,images/train/image_00000178.jpg,0,0,3668,1628,5
179,BATCH_s03_img_3920.jpg,train,images/train/image_00000179.jpg,0,0,3668,1628,4
180,BATCH_s03_img_2220.jpg,train,images/train/image_00000180.jpg,0,0,3668,1628,15
181,BATCH_s03_img_3380.jpg,train,images/train/image_00000181.jpg,0,0,3668,1628,10
182,BATCH_s03_img_2160.jpg,train,images/train/image_00000182.jpg,0,0,3668,1628,15
183,BATCH_s03_img_1880.jpg,train,images/train/image_00000183.jpg,0,0,3668,1628,4
184,BATCH_s03_img_2080.jpg,train,images/train/image_00000184.jpg,0,0,3668,1628,11
185,BATCH_s03_img_1640.jpg,train,images/train/image_00000185.jpg,0,0,3668,1628,4
186,BATCH_s03_img_4160.jpg,train,images/train/image_00000186.jpg,0,0,3668,1628,4
187,BATCH_s03_img_1400.jpg,train,images/train/image_00000187.jpg,0,0,3668,1628,9
188,BATCH_s03_img_800.jpg,train,images/train/image_00000188.jpg,0,0,3668,1628,4
189,BATCH_s03_img_4220.jpg,train,images/train/image_00000189.jpg,0,0,3668,1628,5
190,batch_s02_img_114.jpg,train,images/train/image_00000190.jpg,0,0,3668,1628,5
191,batch_s02_img_42.jpg,train,images/train/image_00000191.jpg,0,0,3668,1628,7
192,batch_s02_img_91.jpg,train,images/train/image_00000192.jpg,0,0,3668,1628,19
193,batch_s02_img_88.jpg,train,images/train/image_00000193.jpg,0,0,3668,1628,1
194,batch_s02_img_27.jpg,train,images/train/image_00000194.jpg,0,0,3668,1628,3
195,batch_s02_img_132.jpg,train,images/train/image_00000195.jpg,0,0,3668,1628,7
196,batch_s02_img_126.jpg,train,images/train/image_00000196.jpg,0,0,3668,1628,8
197,batch_s02_img_138.jpg,train,images/train/image_00000197.jpg,0,0,3668,1628,12
198,batch_s02_img_135.jpg,train,images/train/image_00000198.jpg,0,0,3668,1628,3
199,batch_s02_img_89.jpg,train,images/train/image_00000199.jpg,0,0,3668,1628,3
200,batch_s02_img_54.jpg,train,images/train/image_00000200.jpg,0,0,3668,1628,3
201,batch_s02_img_20.jpg,train,images/train/image_00000201.jpg,0,0,3668,1628,6
202,batch_s02_img_67.jpg,train,images/train/image_00000202.jpg,0,0,3668,1628,6
203,batch_s02_img_117.jpg,train,images/train/image_00000203.jpg,0,0,3668,1628,6
204,batch_s02_img_14.jpg,train,images/train/image_00000204.jpg,0,0,3668,1628,2
205,batch_s02_img_103.jpg,train,images/train/image_00000205.jpg,0,0,3668,1628,8
206,batch_s02_img_60.jpg,train,images/train/image_00000206.jpg,0,0,3668,1628,6
207,batch_s02_img_93.jpg,train,images/train/image_00000207.jpg,0,0,3668,1628,7
208,batch_s02_img_40.jpg,train,images/train/image_00000208.jpg,0,0,3668,1628,3
209,batch_s02_img_66.jpg,train,images/train/image_00000209.jpg,0,0,3668,1628,9
210,batch_s02_img_37.jpg,train,images/train/image_00000210.jpg,0,0,3668,1628,4
211,batch_s02_img_92.jpg,train,images/train/image_00000211.jpg,0,0,3668,1628,4
212,batch_s02_img_15.jpg,train,images/train/image_00000212.jpg,0,0,3668,1628,9
213,batch_s02_img_77.jpg,train,images/train/image_00000213.jpg,0,0,3668,1628,1
214,batch_s02_img_25.jpg,train,images/train/image_00000214.jpg,0,0,3668,1628,10
215,batch_s02_img_105.jpg,train,images/train/image_00000215.jpg,0,0,3668,1628,4
216,batch_s02_img_127.jpg,train,images/train/image_00000216.jpg,0,0,3668,1628,6
217,batch_s02_img_9.jpg,train,images/train/image_00000217.jpg,0,0,3668,1628,2
218,batch_s02_img_44.jpg,train,images/train/image_00000218.jpg,0,0,3668,1628,3
219,batch_s02_img_32.jpg,train,images/train/image_00000219.jpg,0,0,3668,1628,6
220,batch_s02_img_150.jpg,train,images/train/image_00000220.jpg,0,0,3668,1628,17
221,batch_s02_img_45.jpg,train,images/train/image_00000221.jpg,0,0,3668,1628,5
222,batch_s02_img_61.jpg,train,images/train/image_00000222.jpg,0,0,3668,1628,3
223,batch_s02_img_74.jpg,train,images/train/image_00000223.jpg,0,0,3668,1628,4
224,batch_s02_img_111.jpg,train,images/train/image_00000224.jpg,0,0,3668,1628,7
225,batch_s02_img_97.jpg,train,images/train/image_00000225.jpg,0,0,3668,1628,1
226,batch_s02_img_131.jpg,train,images/train/image_00000226.jpg,0,0,3668,1628,2
227,batch_s02_img_130.jpg,train,images/train/image_00000227.jpg,0,0,3668,1628,3
228,batch_s02_img_124.jpg,train,images/train/image_00000228.jpg,0,0,3668,1628,10
229,batch_s02_img_63.jpg,train,images/train/image_00000229.jpg,0,0,3668,1628,14
230,batch_s02_img_55.jpg,train,images/train/image_00000230.jpg,0,0,3668,1628,14
231,batch_s02_img_72.jpg,train,images/train/image_00000231.jpg,0,0,3668,1628,6
232,batch_s02_img_29.jpg,train,images/train/image_00000232.jpg,0,0,3668,1628,8
233,batch_s02_img_53.jpg,train,images/train/image_00000233.jpg,0,0,3668,1628,5
234,batch_s02_img_98.jpg,train,images/train/image_00000234.jpg,0,0,3668,1628,5
235,batch_s02_img_122.jpg,train,images/train/image_00000235.jpg,0,0,3668,1628,2
236,batch_s02_img_24.jpg,train,images/train/image_00000236.jpg,0,0,3668,1628,11
237,batch_s02_img_18.jpg,train,images/train/image_00000237.jpg,0,0,3668,1628,4
238,batch_s02_img_73.jpg,train,images/train/image_00000238.jpg,0,0,3668,1628,10
239,batch_s02_img_109.jpg,train,images/train/image_00000239.jpg,0,0,3668,1628,12
240,batch_s02_img_125.jpg,train,images/train/image_00000240.jpg,0,0,3668,1628,6
241,batch_s02_img_10.jpg,train,images/train/image_00000241.jpg,0,0,3668,1628,8
242,batch_s02_img_0.jpg,train,images/train/image_00000242.jpg,0,0,3668,1628,16
243,batch_s02_img_152.jpg,train,images/train/image_00000243.jpg,0,0,3668,1628,3
244,batch_s02_img_69.jpg,train,images/train/image_00000244.jpg,0,0,3668,1628,4
245,batch_s02_img_134.jpg,train,images/train/image_00000245.jpg,0,0,3668,1628,23
246,batch_s02_img_3.jpg,train,images/train/image_00000246.jpg,0,0,3668,1628,4
247,batch_s02_img_118.jpg,train,images/train/image_00000247.jpg,0,0,3668,1628,9
248,batch_s02_img_5.jpg,train,images/train/image_00000248.jpg,0,0,3668,1628,3
249,batch_s02_img_49.jpg,train,images/train/image_00000249.jpg,0,0,3668,1628,5
250,batch_s02_img_71.jpg,train,images/train/image_00000250.jpg,0,0,3668,1628,12
251,batch_s02_img_16.jpg,train,images/train/image_00000251.jpg,0,0,3668,1628,9
252,batch_s02_img_19.jpg,train,images/train/image_00000252.jpg,0,0,3668,1628,13
253,batch_s02_img_11.jpg,train,images/train/image_00000253.jpg,0,0,3668,1628,3
254,batch_s02_img_94.jpg,train,images/train/image_00000254.jpg,0,0,3668,1628,3
255,batch_s02_img_48.jpg,train,images/train/image_00000255.jpg,0,0,3668,1628,5
256,batch_s02_img_85.jpg,train,images/train/image_00000256.jpg,0,0,3668,1628,6
257,batch_s02_img_141.jpg,train,images/train/image_00000257.jpg,0,0,3668,1628,11
258,batch_s02_img_86.jpg,train,images/train/image_00000258.jpg,0,0,3668,1628,11
259,batch_s02_img_58.jpg,train,images/train/image_00000259.jpg,0,0,3668,1628,1
260,batch_s02_img_81.jpg,train,images/train/image_00000260.jpg,0,0,3668,1628,3
261,batch_s02_img_7.jpg,train,images/train/image_00000261.jpg,0,0,3668,1628,2
262,batch_s02_img_13.jpg,train,images/train/image_00000262.jpg,0,0,3668,1628,2
263,batch_s02_img_113.jpg,train,images/train/image_00000263.jpg,0,0,3668,1628,7
264,batch_s02_img_84.jpg,train,images/train/image_00000264.jpg,0,0,3668,1628,2
265,batch_s02_img_46.jpg,train,images/train/image_00000265.jpg,0,0,3668,1628,8
266,batch_s02_img_140.jpg,train,images/train/image_00000266.jpg,0,0,3668,1628,5
267,batch_s02_img_100.jpg,train,images/train/image_00000267.jpg,0,0,3668,1628,4
268,batch_s02_img_142.jpg,train,images/train/image_00000268.jpg,0,0,3668,1628,10
269,batch_s02_img_82.jpg,train,images/train/image_00000269.jpg,0,0,3668,1628,9
270,batch_s02_img_107.jpg,train,images/train/image_00000270.jpg,0,0,3668,1628,11
271,batch_s02_img_116.jpg,train,images/train/image_00000271.jpg,0,0,3668,1628,11
272,batch_s02_img_8.jpg,train,images/train/image_00000272.jpg,0,0,3668,1628,5
273,batch_s02_img_90.jpg,train,images/train/image_00000273.jpg,0,0,3668,1628,3
274,batch_s02_img_119.jpg,train,images/train/image_00000274.jpg,0,0,3668,1628,5
275,batch_s02_img_83.jpg,train,images/train/image_00000275.jpg,0,0,3668,1628,3
276,batch_s02_img_153.jpg,train,images/train/image_00000276.jpg,0,0,3668,1628,12
277,batch_s02_img_148.jpg,train,images/train/image_00000277.jpg,0,0,3668,1628,8
278,batch_s02_img_115.jpg,train,images/train/image_00000278.jpg,0,0,3668,1628,8
279,batch_s02_img_35.jpg,train,images/train/image_00000279.jpg,0,0,3668,1628,8
280,batch_s02_img_139.jpg,train,images/train/image_00000280.jpg,0,0,3668,1628,7
281,batch_s02_img_76.jpg,train,images/train/image_00000281.jpg,0,0,3668,1628,3
282,batch_s02_img_120.jpg,train,images/train/image_00000282.jpg,0,0,3668,1628,5
283,batch_s02_img_146.jpg,train,images/train/image_00000283.jpg,0,0,3668,1628,13
284,batch_s02_img_62.jpg,train,images/train/image_00000284.jpg,0,0,3668,1628,6
285,batch_s02_img_102.jpg,train,images/train/image_00000285.jpg,0,0,3668,1628,10
286,batch_s02_img_65.jpg,train,images/train/image_00000286.jpg,0,0,3668,1628,3
287,batch_s02_img_155.jpg,train,images/train/image_00000287.jpg,0,0,3668,1628,4
288,batch_s02_img_96.jpg,train,images/train/image_00000288.jpg,0,0,3668,1628,11
289,batch_s02_img_75.jpg,train,images/train/image_00000289.jpg,0,0,3668,1628,7
290,batch_s02_img_31.jpg,train,images/train/image_00000290.jpg,0,0,3668,1628,4
291,batch_s02_img_101.jpg,train,images/train/image_00000291.jpg,0,0,3668,1628,9
292,batch_s02_img_17.jpg,train,images/train/image_00000292.jpg,0,0,3668,1628,3
293,batch_s02_img_108.jpg,train,images/train/image_00000293.jpg,0,0,3668,1628,5
294,batch_s02_img_38.jpg,train,images/train/image_00000294.jpg,0,0,3668,1628,10
295,batch_s02_img_87.jpg,train,images/train/image_00000295.jpg,0,0,3668,1628,4
296,batch_s02_img_64.jpg,train,images/train/image_00000296.jpg,0,0,3668,1628,10
297,batch_s02_img_28.jpg,train,images/train/image_00000297.jpg,0,0,3668,1628,3
298,batch_s02_img_106.jpg,train,images/train/image_00000298.jpg,0,0,3668,1628,5
299,batch_s02_img_156.jpg,train,images/train/image_00000299.jpg,0,0,3668,1628,19
300,batch_s02_img_23.jpg,train,images/train/image_00000300.jpg,0,0,3668,1628,3
301,batch_s02_img_133.jpg,train,images/train/image_00000301.jpg,0,0,3668,1628,8
302,batch_s02_img_154.jpg,train,images/train/image_00000302.jpg,0,0,3668,1628,5
303,batch_s02_img_22.jpg,train,images/train/image_00000303.jpg,0,0,3668,1628,4
304,batch_s02_img_39.jpg,train,images/train/image_00000304.jpg,0,0,3668,1628,3
305,batch_s02_img_110.jpg,train,images/train/image_00000305.jpg,0,0,3668,1628,4
306,batch_s02_img_2.jpg,train,images/train/image_00000306.jpg,0,0,3668,1628,6
307,batch_s02_img_12.jpg,train,images/train/image_00000307.jpg,0,0,3668,1628,9
308,batch_s02_img_57.jpg,train,images/train/image_00000308.jpg,0,0,3668,1628,4
309,batch_s02_img_78.jpg,train,images/train/image_00000309.jpg,0,0,3668,1628,4
310,batch_s02_img_70.jpg,train,images/train/image_00000310.jpg,0,0,3668,1628,6
311,batch_s02_img_34.jpg,train,images/train/image_00000311.jpg,0,0,3668,1628,18
312,batch_s02_img_121.jpg,train,images/train/image_00000312.jpg,0,0,3668,1628,3
313,batch_s02_img_21.jpg,train,images/train/image_00000313.jpg,0,0,3668,1628,10
314,batch_s02_img_30.jpg,train,images/train/image_00000314.jpg,0,0,3668,1628,11
315,batch_s02_img_129.jpg,train,images/train/image_00000315.jpg,0,0,3668,1628,5
316,batch_s02_img_4.jpg,train,images/train/image_00000316.jpg,0,0,3668,1628,7
317,batch_s02_img_1.jpg,train,images/train/image_00000317.jpg,0,0,3668,1628,7
318,batch_s02_img_99.jpg,train,images/train/image_00000318.jpg,0,0,3668,1628,5
319,batch_s02_img_143.jpg,train,images/train/image_00000319.jpg,0,0,3668,1628,6
320,batch_s02_img_51.jpg,train,images/train/image_00000320.jpg,0,0,3668,1628,2
321,batch_s02_img_6.jpg,train,images/train/image_00000321.jpg,0,0,3668,1628,3
322,batch_s02_img_104.jpg,train,images/train/image_00000322.jpg,0,0,3668,1628,16
323,batch_s02_img_147.jpg,train,images/train/image_00000323.jpg,0,0,3668,1628,3
324,batch_s02_img_56.jpg,train,images/train/image_00000324.jpg,0,0,3668,1628,16
325,batch_s02_img_123.jpg,train,images/train/image_00000325.jpg,0,0,3668,1628,7
326,batch_s02_img_36.jpg,train,images/train/image_00000326.jpg,0,0,3668,1628,15
327,batch_s02_img_33.jpg,train,images/train/image_00000327.jpg,0,0,3668,1628,4
328,batch_s02_img_128.jpg,train,images/train/image_00000328.jpg,0,0,3668,1628,1
329,batch_s02_img_43.jpg,train,images/train/image_00000329.jpg,0,0,3668,1628,8
330,batch_s02_img_41.jpg,train,images/train/image_00000330.jpg,0,0,3668,1628,9
331,batch_s02_img_68.jpg,train,images/train/image_00000331.jpg,0,0,3668,1628,2
332,batch_s02_img_136.jpg,train,images/train/image_00000332.jpg,0,0,3668,1628,6
333,batch_s02_img_151.jpg,train,images/train/image_00000333.jpg,0,0,3668,1628,8
334,batch_s02_img_112.jpg,train,images/train/image_00000334.jpg,0,0,3668,1628,5
335,batch_s02_img_80.jpg,train,images/train/image_00000335.jpg,0,0,3668,1628,2
336,batch_s02_img_79.jpg,train,images/train/image_00000336.jpg,0,0,3668,1628,4
337,batch_s02_img_95.jpg,train,images/train/image_00000337.jpg,0,0,3668,1628,4
338,batch_s02_img_26.jpg,train,images/train/image_00000338.jpg,0,0,3668,1628,12
339,batch_s02_img_144.jpg,train,images/train/image_00000339.jpg,0,0,3668,1628,5
340,batch_s02_img_145.jpg,train,images/train/image_00000340.jpg,0,0,3668,1628,7
341,batch_s02_img_59.jpg,train,images/train/image_00000341.jpg,0,0,3668,1628,3
342,batch_s02_img_52.jpg,train,images/train/image_00000342.jpg,0,0,3668,1628,2
343,batch_s02_img_137.jpg,train,images/train/image_00000343.jpg,0,0,3668,1628,1
344,batch_s02_img_149.jpg,train,images/train/image_00000344.jpg,0,0,3668,1628,5
345,batch_s02_img_50.jpg,train,images/train/image_00000345.jpg,0,0,3668,1628,3
346,batch_s02_img_47.jpg,train,images/train/image_00000346.jpg,0,0,3668,1628,16
347,batch_02_img_1480.jpg,train,images/train/image_00000347.jpg,0,0,3840,2160,1
348,batch_02_img_1400.jpg,train,images/train/image_00000348.jpg,0,0,3840,2160,2
349,batch_02_img_3700.jpg,train,images/train/image_00000349.jpg,0,0,3840,2160,4
350,batch_02_img_3600.jpg,train,images/train/image_00000350.jpg,0,0,3840,2160,3
351,batch_02_img_860.jpg,train,images/train/image_00000351.jpg,0,0,3840,2160,2
352,batch_02_img_3820.jpg,train,images/train/image_00000352.jpg,0,0,3840,2160,3
353,batch_02_img_2500.jpg,train,images/train/image_00000353.jpg,0,0,3840,2160,2
354,batch_02_img_340.jpg,train,images/train/image_00000354.jpg,0,0,3840,2160,1
355,batch_02_img_3500.jpg,train,images/train/image_00000355.jpg,0,0,3840,2160,4
356,batch_02_img_1320.jpg,train,images/train/image_00000356.jpg,0,0,3840,2160,4
357,batch_02_img_2440.jpg,train,images/train/image_00000357.jpg,0,0,3840,2160,1
358,batch_02_img_720.jpg,train,images/train/image_00000358.jpg,0,0,3840,2160,3
359,batch_02_img_980.jpg,train,images/train/image_00000359.jpg,0,0,3840,2160,2
360,batch_02_img_1560.jpg,train,images/train/image_00000360.jpg,0,0,3840,2160,1
361,batch_02_img_2540.jpg,train,images/train/image_00000361.jpg,0,0,3840,2160,2
362,batch_02_img_2620.jpg,train,images/train/image_00000362.jpg,0,0,3840,2160,2
363,batch_02_img_3040.jpg,train,images/train/image_00000363.jpg,0,0,3840,2160,3
364,batch_02_img_2000.jpg,train,images/train/image_00000364.jpg,0,0,3840,2160,3
365,batch_02_img_2800.jpg,train,images/train/image_00000365.jpg,0,0,3840,2160,1
366,batch_02_img_3060.jpg,train,images/train/image_00000366.jpg,0,0,3840,2160,5
367,batch_02_img_320.jpg,train,images/train/image_00000367.jpg,0,0,3840,2160,1
368,batch_02_img_3260.jpg,train,images/train/image_00000368.jpg,0,0,3840,2160,7
369,batch_02_img_3780.jpg,train,images/train/image_00000369.jpg,0,0,3840,2160,4
370,batch_02_img_2700.jpg,train,images/train/image_00000370.jpg,0,0,3840,2160,2
371,batch_02_img_1960.jpg,train,images/train/image_00000371.jpg,0,0,3840,2160,2
372,batch_02_img_180.jpg,train,images/train/image_00000372.jpg,0,0,3840,2160,3
373,batch_02_img_3160.jpg,train,images/train/image_00000373.jpg,0,0,3840,2160,7
374,batch_02_img_520.jpg,train,images/train/image_00000374.jpg,0,0,3840,2160,1
375,batch_02_img_1460.jpg,train,images/train/image_00000375.jpg,0,0,3840,2160,1
376,batch_02_img_360.jpg,train,images/train/image_00000376.jpg,0,0,3840,2160,1
377,batch_02_img_580.jpg,train,images/train/image_00000377.jpg,0,0,3840,2160,1
378,batch_02_img_960.jpg,train,images/train/image_00000378.jpg,0,0,3840,2160,1
379,batch_02_img_2960.jpg,train,images/train/image_00000379.jpg,0,0,3840,2160,2
380,batch_02_img_1140.jpg,train,images/train/image_00000380.jpg,0,0,3840,2160,1
381,batch_02_img_3400.jpg,train,images/train/image_00000381.jpg,0,0,3840,2160,5
382,batch_02_img_1680.jpg,train,images/train/image_00000382.jpg,0,0,3840,2160,1
383,batch_02_img_1240.jpg,train,images/train/image_00000383.jpg,0,0,3840,2160,3
384,batch_02_img_20.jpg,train,images/train/image_00000384.jpg,0,0,3840,2160,2
385,batch_02_img_3640.jpg,train,images/train/image_00000385.jpg,0,0,3840,2160,3
386,batch_02_img_3580.jpg,train,images/train/image_00000386.jpg,0,0,3840,2160,3
387,batch_02_img_2360.jpg,train,images/train/image_00000387.jpg,0,0,3840,2160,2
388,batch_05_img_4920.jpg,val,images/val/image_00000388.jpg,0,0,3840,2160,2
389,batch_05_img_4120.jpg,val,images/val/image_00000389.jpg,0,0,3840,2160,3
390,batch_05_img_1820.jpg,val,images/val/image_00000390.jpg,0,0,3840,2160,5
391,batch_05_img_2180.jpg,val,images/val/image_00000391.jpg,0,0,3840,2160,3
392,batch_05_img_4460.jpg,val,images/val/image_00000392.jpg,0,0,3840,2160,2
393,batch_05_img_5880.jpg,val,images/val/image_00000393.jpg,0,0,3840,2160,2
394,batch_05_img_3580.jpg,val,images/val/image_00000394.jpg,0,0,3840,2160,4
395,batch_05_img_1540.jpg,val,images/val/image_00000395.jpg,0,0,3840,2160,5
396,batch_05_img_1080.jpg,val,images/val/image_00000396.jpg,0,0,3840,2160,4
397,batch_05_img_4840.jpg,val,images/val/image_00000397.jpg,0,0,3840,2160,1
398,batch_05_img_3940.jpg,val,images/val/image_00000398.jpg,0,0,3840,2160,4
399,batch_05_img_840.jpg,val,images/val/image_00000399.jpg,0,0,3840,2160,5
400,batch_05_img_4500.jpg,val,images/val/image_00000400.jpg,0,0,3840,2160,1
401,batch_05_img_5540.jpg,val,images/val/image_00000401.jpg,0,0,3840,2160,1
402,batch_05_img_2140.jpg,val,images/val/image_00000402.jpg,0,0,3840,2160,3
403,batch_05_img_960.jpg,val,images/val/image_00000403.jpg,0,0,3840,2160,4
404,batch_05_img_1980.jpg,val,images/val/image_00000404.jpg,0,0,3840,2160,8
405,batch_05_img_600.jpg,val,images/val/image_00000405.jpg,0,0,3840,2160,2
406,batch_05_img_1060.jpg,val,images/val/image_00000406.jpg,0,0,3840,2160,2
407,batch_05_img_4040.jpg,val,images/val/image_00000407.jpg,0,0,3840,2160,3
408,batch_05_img_5080.jpg,val,images/val/image_00000408.jpg,0,0,3840,2160,2
409,batch_05_img_5200.jpg,val,images/val/image_00000409.jpg,0,0,3840,2160,2
410,batch_05_img_5980.jpg,val,images/val/image_00000410.jpg,0,0,3840,2160,2
411,batch_05_img_1780.jpg,val,images/val/image_00000411.jpg,0,0,3840,2160,7
412,batch_05_img_4180.jpg,val,images/val/image_00000412.jpg,0,0,3840,2160,1
413,batch_05_img_1500.jpg,val,images/val/image_00000413.jpg,0,0,3840,2160,5
414,batch_05_img_780.jpg,val,images/val/image_00000414.jpg,0,0,3840,2160,3
415,batch_05_img_260.jpg,val,images/val/image_00000415.jpg,0,0,3840,2160,1
416,batch_05_img_2220.jpg,val,images/val/image_00000416.jpg,0,0,3840,2160,3
417,batch_05_img_1440.jpg,val,images/val/image_00000417.jpg,0,0,3840,2160,4
418,batch_05_img_2960.jpg,val,images/val/image_00000418.jpg,0,0,3840,2160,1
419,batch_05_img_6080.jpg,val,images/val/image_00000419.jpg,0,0,3840,2160,2
420,batch_05_img_1620.jpg,val,images/val/image_00000420.jpg,0,0,3840,2160,7
421,batch_05_img_5360.jpg,val,images/val/image_00000421.jpg,0,0,3840,2160,2
422,batch_05_img_4340.jpg,val,images/val/image_00000422.jpg,0,0,3840,2160,4
423,batch_05_img_820.jpg,val,images/val/image_00000423.jpg,0,0,3840,2160,3
424,batch_05_img_1340.jpg,val,images/val/image_00000424.jpg,0,0,3840,2160,2
425,batch_05_img_1160.jpg,val,images/val/image_00000425.jpg,0,0,3840,2160,4
426,batch_05_img_1720.jpg,val,images/val/image_00000426.jpg,0,0,3840,2160,10
427,batch_05_img_1240.jpg,val,images/val/image_00000427.jpg,0,0,3840,2160,3
428,batch_05_img_1600.jpg,val,images/val/image_00000428.jpg,0,0,3840,2160,4
429,batch_05_img_3040.jpg,val,images/val/image_00000429.jpg,0,0,3840,2160,2
430,batch_05_img_3460.jpg,val,images/val/image_00000430.jpg,0,0,3840,2160,2
431,batch_05_img_5760.jpg,val,images/val/image_00000431.jpg,0,0,3840,2160,2
432,batch_05_img_2040.jpg,val,images/val/image_00000432.jpg,0,0,3840,2160,4
433,batch_05_img_2360.jpg,val,images/val/image_00000433.jpg,0,0,3840,2160,1
434,batch_05_img_5620.jpg,val,images/val/image_00000434.jpg,0,0,3840,2160,2
435,batch_05_img_4240.jpg,val,images/val/image_00000435.jpg,0,0,3840,2160,4
436,BATCH_s04_img_8280.jpg,val,images/val/image_00000436.jpg,0,0,3668,1628,4
437,BATCH_s04_img_3600.jpg,val,images/val/image_00000437.jpg,0,0,3668,1628,6
438,BATCH_s04_img_3540.jpg,val,images/val/image_00000438.jpg,0,0,3668,1628,5
439,BATCH_s04_img_1000.jpg,val,images/val/image_00000439.jpg,0,0,3668,1628,1
440,BATCH_s04_img_7860.jpg,val,images/val/image_00000440.jpg,0,0,3668,1628,6
441,BATCH_s04_img_4640.jpg,val,images/val/image_00000441.jpg,0,0,3668,1628,1
442,BATCH_s04_img_8440.jpg,val,images/val/image_00000442.jpg,0,0,3668,1628,5
443,BATCH_s04_img_7720.jpg,val,images/val/image_00000443.jpg,0,0,3668,1628,3
444,BATCH_s04_img_7820.jpg,val,images/val/image_00000444.jpg,0,0,3668,1628,5
445,BATCH_s04_img_7220.jpg,val,images/val/image_00000445.jpg,0,0,3668,1628,4
446,BATCH_s04_img_3760.jpg,val,images/val/image_00000446.jpg,0,0,3668,1628,1
447,BATCH_s04_img_3040.jpg,val,images/val/image_00000447.jpg,0,0,3668,1628,3
448,BATCH_s04_img_7660.jpg,val,images/val/image_00000448.jpg,0,0,3668,1628,2
449,BATCH_s04_img_7240.jpg,val,images/val/image_00000449.jpg,0,0,3668,1628,5
450,BATCH_s04_img_9600.jpg,val,images/val/image_00000450.jpg,0,0,3668,1628,4
451,BATCH_s04_img_6300.jpg,val,images/val/image_00000451.jpg,0,0,3668,1628,2
452,BATCH_s04_img_8080.jpg,val,images/val/image_00000452.jpg,0,0,3668,1628,1
453,BATCH_s04_img_9440.jpg,val,images/val/image_00000453.jpg,0,0,3668,1628,2
454,BATCH_s04_img_5900.jpg,val,images/val/image_00000454.jpg,0,0,3668,1628,4
455,BATCH_s04_img_7500.jpg,val,images/val/image_00000455.jpg,0,0,3668,1628,3
456,BATCH_s04_img_4980.jpg,val,images/val/image_00000456.jpg,0,0,3668,1628,1
457,BATCH_s04_img_3400.jpg,val,images/val/image_00000457.jpg,0,0,3668,1628,3
458,BATCH_s04_img_6100.jpg,val,images/val/image_00000458.jpg,0,0,3668,1628,3
459,BATCH_s04_img_8360.jpg,val,images/val/image_00000459.jpg,0,0,3668,1628,3
460,BATCH_s04_img_9200.jpg,val,images/val/image_00000460.jpg,0,0,3668,1628,1
461,BATCH_s04_img_2920.jpg,val,images/val/image_00000461.jpg,0,0,3668,1628,1
462,BATCH_s04_img_9840.jpg,val,images/val/image_00000462.jpg,0,0,3668,1628,3
463,BATCH_s04_img_6120.jpg,val,images/val/image_00000463.jpg,0,0,3668,1628,2
464,BATCH_s04_img_3460.jpg,val,images/val/image_00000464.jpg,0,0,3668,1628,2
465,BATCH_s04_img_7320.jpg,val,images/val/image_00000465.jpg,0,0,3668,1628,1
466,BATCH_s04_img_2960.jpg,val,images/val/image_00000466.jpg,0,0,3668,1628,3
467,BATCH_s04_img_9300.jpg,val,images/val/image_00000467.jpg,0,0,3668,1628,4
468,BATCH_s04_img_6600.jpg,val,images/val/image_00000468.jpg,0,0,3668,1628,9
469,BATCH_s04_img_8600.jpg,val,images/val/image_00000469.jpg,0,0,3668,1628,5
470,BATCH_s04_img_5660.jpg,val,images/val/image_00000470.jpg,0,0,3668,1628,2
471,BATCH_s04_img_1160.jpg,val,images/val/image_00000471.jpg,0,0,3668,1628,9
472,BATCH_s04_img_4800.jpg,val,images/val/image_00000472.jpg,0,0,3668,1628,1
473,BATCH_s04_img_7080.jpg,val,images/val/image_00000473.jpg,0,0,3668,1628,4
474,BATCH_s04_img_5800.jpg,val,images/val/image_00000474.jpg,0,0,3668,1628,3
475,BATCH_s04_img_6060.jpg,val,images/val/image_00000475.jpg,0,0,3668,1628,2
476,BATCH_s04_img_6560.jpg,val,images/val/image_00000476.jpg,0,0,3668,1628,7
477,BATCH_s04_img_5840.jpg,val,images/val/image_00000477.jpg,0,0,3668,1628,3
478,BATCH_s04_img_5600.jpg,val,images/val/image_00000478.jpg,0,0,3668,1628,2
479,BATCH_s04_img_5460.jpg,val,images/val/image_00000479.jpg,0,0,3668,1628,1
480,BATCH_s04_img_1080.jpg,val,images/val/image_00000480.jpg,0,0,3668,1628,4
481,BATCH_s04_img_3320.jpg,val,images/val/image_00000481.jpg,0,0,3668,1628,2
482,BATCH_s04_img_7800.jpg,val,images/val/image_00000482.jpg,0,0,3668,1628,6
483,BATCH_s04_img_9360.jpg,val,images/val/image_00000483.jpg,0,0,3668,1628,3
484,BATCH_s04_img_6640.jpg,val,images/val/image_00000484.jpg,0,0,3668,1628,10
485,BATCH_s04_img_2640.jpg,val,images/val/image_00000485.jpg,0,0,3668,1628,2
486,BATCH_s04_img_7960.jpg,val,images/val/image_00000486.jpg,0,0,3668,1628,3
487,BATCH_s04_img_6500.jpg,val,images/val/image_00000487.jpg,0,0,3668,1628,4
488,BATCH_s04_img_6920.jpg,val,images/val/image_00000488.jpg,0,0,3668,1628,6
489,BATCH_s04_img_4160.jpg,val,images/val/image_00000489.jpg,0,0,3668,1628,3
490,BATCH_s04_img_1240.jpg,val,images/val/image_00000490.jpg,0,0,3668,1628,4
491,BATCH_s04_img_5760.jpg,val,images/val/image_00000491.jpg,0,0,3668,1628,2
492,BATCH_s04_img_6460.jpg,val,images/val/image_00000492.jpg,0,0,3668,1628,4
493,BATCH_s04_img_7380.jpg,val,images/val/image_00000493.jpg,0,0,3668,1628,2
494,BATCH_s04_img_4720.jpg,val,images/val/image_00000494.jpg,0,0,3668,1628,2
495,BATCH_s04_img_6200.jpg,val,images/val/image_00000495.jpg,0,0,3668,1628,2
496,BATCH_s04_img_9900.jpg,val,images/val/image_00000496.jpg,0,0,3668,1628,3
497,BATCH_s04_img_9740.jpg,val,images/val/image_00000497.jpg,0,0,3668,1628,4
498,batch_01_frame_0.jpg,test,images/test/image_00000498.jpg,0,0,3840,2160,1
499,batch_01_frame_29.jpg,test,images/test/image_00000499.jpg,0,0,3840,2160,3
500,batch_01_frame_24.jpg,test,images/test/image_00000500.jpg,0,0,3840,2160,6
501,batch_01_frame_2.jpg,test,images/test/image_00000501.jpg,0,0,3840,2160,6
502,batch_01_frame_35.jpg,test,images/test/image_00000502.jpg,0,0,3840,2160,6
503,batch_01_frame_7.jpg,test,images/test/image_00000503.jpg,0,0,3840,2160,6
504,batch_01_frame_26.jpg,test,images/test/image_00000504.jpg,0,0,3840,2160,5
505,batch_01_frame_28.jpg,test,images/test/image_00000505.jpg,0,0,3840,2160,3
506,batch_01_frame_14.jpg,test,images/test/image_00000506.jpg,0,0,3840,2160,5
507,batch_01_frame_32.jpg,test,images/test/image_00000507.jpg,0,0,3840,2160,4
508,batch_01_frame_20.jpg,test,images/test/image_00000508.jpg,0,0,3840,2160,1
509,batch_01_frame_4.jpg,test,images/test/image_00000509.jpg,0,0,3840,2160,4
510,batch_01_frame_31.jpg,test,images/test/image_00000510.jpg,0,0,3840,2160,5
511,batch_01_frame_13.jpg,test,images/test/image_00000511.jpg,0,0,3840,2160,2
512,batch_01_frame_21.jpg,test,images/test/image_00000512.jpg,0,0,3840,2160,2
513,batch_01_frame_27.jpg,test,images/test/image_00000513.jpg,0,0,3840,2160,4
514,batch_01_frame_22.jpg,test,images/test/image_00000514.jpg,0,0,3840,2160,1
515,batch_01_frame_25.jpg,test,images/test/image_00000515.jpg,0,0,3840,2160,5
516,batch_01_frame_10.jpg,test,images/test/image_00000516.jpg,0,0,3840,2160,10
517,batch_01_frame_3.jpg,test,images/test/image_00000517.jpg,0,0,3840,2160,6
518,batch_01_frame_8.jpg,test,images/test/image_00000518.jpg,0,0,3840,2160,7
519,batch_01_frame_6.jpg,test,images/test/image_00000519.jpg,0,0,3840,2160,5
520,batch_01_frame_5.jpg,test,images/test/image_00000520.jpg,0,0,3840,2160,2
521,batch_01_frame_30.jpg,test,images/test/image_00000521.jpg,0,0,3840,2160,6
522,batch_01_frame_17.jpg,test,images/test/image_00000522.jpg,0,0,3840,2160,2
523,batch_01_frame_12.jpg,test,images/test/image_00000523.jpg,0,0,3840,2160,12
524,batch_01_frame_15.jpg,test,images/test/image_00000524.jpg,0,0,3840,2160,3
525,batch_01_frame_18.jpg,test,images/test/image_00000525.jpg,0,0,3840,2160,2
526,batch_01_frame_23.jpg,test,images/test/image_00000526.jpg,0,0,3840,2160,5
527,batch_01_frame_11.jpg,test,images/test/image_00000527.jpg,0,0,3840,2160,5
528,batch_01_frame_19.jpg,test,images/test/image_00000528.jpg,0,0,3840,2160,1
529,batch_01_frame_9.jpg,test,images/test/image_00000529.jpg,0,0,3840,2160,8
530,batch_01_frame_33.jpg,test,images/test/image_00000530.jpg,0,0,3840,2160,5
531,batch_01_frame_16.jpg,test,images/test/image_00000531.jpg,0,0,3840,2160,3
532,batch_01_frame_34.jpg,test,images/test/image_00000532.jpg,0,0,3840,2160,6
533,batch_01_frame_1.jpg,test,images/test/image_00000533.jpg,0,0,3840,2160,11
534,batch_s01_img_2800.jpg,train,images/train/image_00000534.jpg,0,0,3668,1628,1
535,batch_s01_img_1560.jpg,train,images/train/image_00000535.jpg,0,0,3668,1628,5
536,batch_s01_img_1440.jpg,train,images/train/image_00000536.jpg,0,0,3668,1628,7
537,batch_s01_img_3100.jpg,train,images/train/image_00000537.jpg,0,0,3668,1628,2
538,batch_s01_img_1920.jpg,train,images/train/image_00000538.jpg,0,0,3668,1628,1
539,batch_s01_img_1160.jpg,train,images/train/image_00000539.jpg,0,0,3668,1628,6
540,batch_s01_img_2720.jpg,train,images/train/image_00000540.jpg,0,0,3668,1628,3
541,batch_s01_img_540.jpg,train,images/train/image_00000541.jpg,0,0,3668,1628,3
542,batch_s01_img_2580.jpg,train,images/train/image_00000542.jpg,0,0,3668,1628,1
543,batch_s01_img_2980.jpg,train,images/train/image_00000543.jpg,0,0,3668,1628,2
544,batch_s01_img_2300.jpg,train,images/train/image_00000544.jpg,0,0,3668,1628,4
545,batch_s01_img_680.jpg,train,images/train/image_00000545.jpg,0,0,3668,1628,3
546,batch_s01_img_980.jpg,train,images/train/image_00000546.jpg,0,0,3668,1628,9
547,batch_s01_img_2440.jpg,train,images/train/image_00000547.jpg,0,0,3668,1628,2
548,batch_s01_img_800.jpg,train,images/train/image_00000548.jpg,0,0,3668,1628,3
549,batch_s01_img_1700.jpg,train,images/train/image_00000549.jpg,0,0,3668,1628,4
550,batch_s01_img_400.jpg,train,images/train/image_00000550.jpg,0,0,3668,1628,2
551,batch_s01_img_2960.jpg,train,images/train/image_00000551.jpg,0,0,3668,1628,2
552,batch_s01_img_1320.jpg,train,images/train/image_00000552.jpg,0,0,3668,1628,3
553,batch_s01_img_2880.jpg,train,images/train/image_00000553.jpg,0,0,3668,1628,3
554,batch_s01_img_460.jpg,train,images/train/image_00000554.jpg,0,0,3668,1628,2
555,batch_s01_img_1660.jpg,train,images/train/image_00000555.jpg,0,0,3668,1628,7
556,batch_s01_img_2780.jpg,train,images/train/image_00000556.jpg,0,0,3668,1628,1
557,batch_s01_img_2360.jpg,train,images/train/image_00000557.jpg,0,0,3668,1628,4
558,batch_s01_img_2220.jpg,train,images/train/image_00000558.jpg,0,0,3668,1628,2
559,batch_s01_img_2740.jpg,train,images/train/image_00000559.jpg,0,0,3668,1628,1
560,batch_s01_img_1060.jpg,train,images/train/image_00000560.jpg,0,0,3668,1628,7
561,batch_s01_img_1760.jpg,train,images/train/image_00000561.jpg,0,0,3668,1628,3
562,batch_s01_img_620.jpg,train,images/train/image_00000562.jpg,0,0,3668,1628,2
563,batch_s01_img_2680.jpg,train,images/train/image_00000563.jpg,0,0,3668,1628,2
564,batch_s01_img_2920.jpg,train,images/train/image_00000564.jpg,0,0,3668,1628,4
565,batch_s01_img_2080.jpg,train,images/train/image_00000565.jpg,0,0,3668,1628,1
566,batch_s01_img_1240.jpg,train,images/train/image_00000566.jpg,0,0,3668,1628,4
567,batch_s01_img_860.jpg,train,images/train/image_00000567.jpg,0,0,3668,1628,5
568,BATCH_d06_img_2700.jpg,train,images/train/image_00000568.jpg,0,0,3840,2160,2
569,BATCH_d06_img_3100.jpg,train,images/train/image_00000569.jpg,0,0,3840,2160,5
570,BATCH_d06_img_1270.jpg,train,images/train/image_00000570.jpg,0,0,3840,2160,12
571,BATCH_d06_img_2400.jpg,train,images/train/image_00000571.jpg,0,0,3840,2160,5
572,BATCH_d06_img_3180.jpg,train,images/train/image_00000572.jpg,0,0,3840,2160,4
573,BATCH_d06_img_3040.jpg,train,images/train/image_00000573.jpg,0,0,3840,2160,3
574,BATCH_d06_img_2840.jpg,train,images/train/image_00000574.jpg,0,0,3840,2160,1
575,BATCH_d06_img_1390.jpg,train,images/train/image_00000575.jpg,0,0,3840,2160,17
576,BATCH_d06_img_2320.jpg,train,images/train/image_00000576.jpg,0,0,3840,2160,2
577,BATCH_d06_img_2540.jpg,train,images/train/image_00000577.jpg,0,0,3840,2160,5
578,BATCH_d06_img_3340.jpg,train,images/train/image_00000578.jpg,0,0,3840,2160,4
579,BATCH_d06_img_1660.jpg,train,images/train/image_00000579.jpg,0,0,3840,2160,9
580,BATCH_d06_img_2260.jpg,train,images/train/image_00000580.jpg,0,0,3840,2160,1
581,BATCH_d06_img_3220.jpg,train,images/train/image_00000581.jpg,0,0,3840,2160,5
582,BATCH_d06_img_2360.jpg,train,images/train/image_00000582.jpg,0,0,3840,2160,3
583,BATCH_d06_img_1140.jpg,train,images/train/image_00000583.jpg,0,0,3840,2160,12
584,BATCH_d06_img_0.jpg,train,images/train/image_00000584.jpg,0,0,3840,2160,5
585,BATCH_d06_img_3280.jpg,train,images/train/image_00000585.jpg,0,0,3840,2160,7
586,BATCH_d06_img_270.jpg,train,images/train/image_00000586.jpg,0,0,3840,2160,7
587,BATCH_d06_img_1750.jpg,train,images/train/image_00000587.jpg,0,0,3840,2160,6
588,BATCH_d06_img_2500.jpg,train,images/train/image_00000588.jpg,0,0,3840,2160,6
589,BATCH_d06_img_1500.jpg,train,images/train/image_00000589.jpg,0,0,3840,2160,17
590,BATCH_d06_img_3360.jpg,train,images/train/image_00000590.jpg,0,0,3840,2160,4
591,BATCH_d06_img_130.jpg,train,images/train/image_00000591.jpg,0,0,3840,2160,6
592,BATCH_d06_img_1640.jpg,train,images/train/image_00000592.jpg,0,0,3840,2160,8
593,BATCH_d06_img_1790.jpg,train,images/train/image_00000593.jpg,0,0,3840,2160,2
594,BATCH_d06_img_1440.jpg,train,images/train/image_00000594.jpg,0,0,3840,2160,18
595,DJI_0010.JPG,train,images/train/image_00000595.png,0,0,4056,3040,26
596,BATCH_d06_img_1050.jpg,train,images/train/image_00000596.jpg,0,0,3840,2160,16
597,BATCH_d06_img_2940.jpg,train,images/train/image_00000597.jpg,0,0,3840,2160,1
598,BATCH_d06_img_830.jpg,train,images/train/image_00000598.jpg,0,0,3840,2160,10
599,BATCH_d06_img_1580.jpg,train,images/train/image_00000599.jpg,0,0,3840,2160,12
600,BATCH_d06_img_920.jpg,train,images/train/image_00000600.jpg,0,0,3840,2160,12
601,BATCH_d06_img_200.jpg,train,images/train/image_00000601.jpg,0,0,3840,2160,5
602,BATCH_d06_img_710.jpg,train,images/train/image_00000602.jpg,0,0,3840,2160,5
603,BATCH_d06_img_3120.jpg,train,images/train/image_00000603.jpg,0,0,3840,2160,5
604,BATCH_d06_img_380.jpg,train,images/train/image_00000604.jpg,0,0,3840,2160,4
605,DJI_0009.JPG,train,images/train/image_00000605.png,0,0,4056,3040,26
606,batch_03_img_3160.jpg,train,images/train/image_00000606.jpg,0,0,3840,2160,1
607,batch_03_img_3660.jpg,train,images/train/image_00000607.jpg,0,0,3840,2160,1
608,batch_03_img_3340.jpg,train,images/train/image_00000608.jpg,0,0,3840,2160,2
609,batch_03_img_2480.jpg,train,images/train/image_00000609.jpg,0,0,3840,2160,2
610,batch_03_img_600.jpg,train,images/train/image_00000610.jpg,0,0,3840,2160,2
611,batch_03_img_1560.jpg,train,images/train/image_00000611.jpg,0,0,3840,2160,2
612,batch_03_img_720.jpg,train,images/train/image_00000612.jpg,0,0,3840,2160,2
613,batch_03_img_2720.jpg,train,images/train/image_00000613.jpg,0,0,3840,2160,10
614,batch_03_img_3020.jpg,train,images/train/image_00000614.jpg,0,0,3840,2160,9
615,batch_03_img_1920.jpg,train,images/train/image_00000615.jpg,0,0,3840,2160,2
616,batch_03_img_820.jpg,train,images/train/image_00000616.jpg,0,0,3840,2160,2
617,batch_03_img_2920.jpg,train,images/train/image_00000617.jpg,0,0,3840,2160,10
618,batch_03_img_1740.jpg,train,images/train/image_00000618.jpg,0,0,3840,2160,4
619,batch_03_img_1280.jpg,train,images/train/image_00000619.jpg,0,0,3840,2160,3
620,batch_03_img_2180.jpg,train,images/train/image_00000620.jpg,0,0,3840,2160,8
621,batch_03_img_2100.jpg,train,images/train/image_00000621.jpg,0,0,3840,2160,4
622,batch_03_img_660.jpg,train,images/train/image_00000622.jpg,0,0,3840,2160,3
623,batch_03_img_3380.jpg,train,images/train/image_00000623.jpg,0,0,3840,2160,1
624,batch_03_img_3740.jpg,train,images/train/image_00000624.jpg,0,0,3840,2160,1
625,batch_03_img_2160.jpg,train,images/train/image_00000625.jpg,0,0,3840,2160,10
626,batch_03_img_3120.jpg,train,images/train/image_00000626.jpg,0,0,3840,2160,9
627,batch_04_img_2240.jpg,test,images/test/image_00000627.jpg,0,0,3840,2160,1
628,batch_04_img_1820.jpg,test,images/test/image_00000628.jpg,0,0,3840,2160,7
629,batch_04_img_3320.jpg,test,images/test/image_00000629.jpg,0,0,3840,2160,2
630,batch_04_img_3600.jpg,test,images/test/image_00000630.jpg,0,0,3840,2160,2
631,batch_04_img_4580.jpg,test,images/test/image_00000631.jpg,0,0,3840,2160,3
632,batch_04_img_260.jpg,test,images/test/image_00000632.jpg,0,0,3840,2160,2
633,batch_04_img_3360.jpg,test,images/test/image_00000633.jpg,0,0,3840,2160,1
634,batch_04_img_1780.jpg,test,images/test/image_00000634.jpg,0,0,3840,2160,6
635,batch_04_img_3720.jpg,test,images/test/image_00000635.jpg,0,0,3840,2160,1
636,batch_04_img_2420.jpg,test,images/test/image_00000636.jpg,0,0,3840,2160,5
637,batch_04_img_2560.jpg,test,images/test/image_00000637.jpg,0,0,3840,2160,5
638,batch_04_img_4620.jpg,test,images/test/image_00000638.jpg,0,0,3840,2160,1
639,batch_04_img_4660.jpg,test,images/test/image_00000639.jpg,0,0,3840,2160,3
640,batch_04_img_4400.jpg,test,images/test/image_00000640.jpg,0,0,3840,2160,4
641,batch_04_img_2020.jpg,test,images/test/image_00000641.jpg,0,0,3840,2160,2
642,batch_04_img_1660.jpg,test,images/test/image_00000642.jpg,0,0,3840,2160,5
643,batch_04_img_4240.jpg,test,images/test/image_00000643.jpg,0,0,3840,2160,2
644,batch_04_img_1520.jpg,test,images/test/image_00000644.jpg,0,0,3840,2160,3
645,batch_04_img_1180.jpg,test,images/test/image_00000645.jpg,0,0,3840,2160,3
646,batch_04_img_2300.jpg,test,images/test/image_00000646.jpg,0,0,3840,2160,2
647,batch_04_img_3400.jpg,test,images/test/image_00000647.jpg,0,0,3840,2160,1
648,batch_04_img_4480.jpg,test,images/test/image_00000648.jpg,0,0,3840,2160,1
649,batch_04_img_4180.jpg,test,images/test/image_00000649.jpg,0,0,3840,2160,4
650,batch_04_img_3180.jpg,test,images/test/image_00000650.jpg,0,0,3840,2160,2
651,batch_04_img_720.jpg,test,images/test/image_00000651.jpg,0,0,3840,2160,2
652,batch_04_img_3760.jpg,test,images/test/image_00000652.jpg,0,0,3840,2160,2
653,batch_04_img_1940.jpg,test,images/test/image_00000653.jpg,0,0,3840,2160,3
654,batch_04_img_980.jpg,test,images/test/image_00000654.jpg,0,0,3840,2160,1
655,batch_04_img_1560.jpg,test,images/test/image_00000655.jpg,0,0,3840,2160,3
656,batch_04_img_140.jpg,test,images/test/image_00000656.jpg,0,0,3840,2160,12
657,batch_04_img_4080.jpg,test,images/test/image_00000657.jpg,0,0,3840,2160,2
658,batch_04_img_3340.jpg,test,images/test/image_00000658.jpg,0,0,3840,2160,1
659,batch_04_img_1320.jpg,test,images/test/image_00000659.jpg,0,0,3840,2160,3
660,batch_04_img_2780.jpg,test,images/test/image_00000660.jpg,0,0,3840,2160,4
661,batch_04_img_1620.jpg,test,images/test/image_00000661.jpg,0,0,3840,2160,4
662,batch_04_img_2900.jpg,test,images/test/image_00000662.jpg,0,0,3840,2160,4
663,batch_04_img_4340.jpg,test,images/test/image_00000663.jpg,0,0,3840,2160,5
664,batch_04_img_2080.jpg,test,images/test/image_00000664.jpg,0,0,3840,2160,2
665,batch_04_img_4540.jpg,test,images/test/image_00000665.jpg,0,0,3840,2160,1
666,batch_04_img_4300.jpg,test,images/test/image_00000666.jpg,0,0,3840,2160,2
667,batch_04_img_1640.jpg,test,images/test/image_00000667.jpg,0,0,3840,2160,5
668,batch_04_img_2860.jpg,test,images/test/image_00000668.jpg,0,0,3840,2160,3
669,batch_04_img_680.jpg,test,images/test/image_00000669.jpg,0,0,3840,2160,2
670,batch_04_img_1140.jpg,test,images/test/image_00000670.jpg,0,0,3840,2160,2
671,batch_04_img_1260.jpg,test,images/test/image_00000671.jpg,0,0,3840,2160,3
672,batch_04_img_1020.jpg,test,images/test/image_00000672.jpg,0,0,3840,2160,3
673,batch_04_img_2140.jpg,test,images/test/image_00000673.jpg,0,0,3840,2160,2
674,batch_04_img_1400.jpg,test,images/test/image_00000674.jpg,0,0,3840,2160,5
675,batch_04_img_3680.jpg,test,images/test/image_00000675.jpg,0,0,3840,2160,2
676,batch_04_img_4140.jpg,test,images/test/image_00000676.jpg,0,0,3840,2160,3
677,batch_04_img_1120.jpg,test,images/test/image_00000677.jpg,0,0,3840,2160,3
678,batch_04_img_3800.jpg,test,images/test/image_00000678.jpg,0,0,3840,2160,3
679,batch_04_img_840.jpg,test,images/test/image_00000679.jpg,0,0,3840,2160,1
680,batch_04_img_3080.jpg,test,images/test/image_00000680.jpg,0,0,3840,2160,1
681,BATCH_s05_img_6580.jpg,val,images/val/image_00000681.jpg,0,0,3668,1628,3
682,BATCH_s05_img_8100.jpg,val,images/val/image_00000682.jpg,0,0,3668,1628,3
683,BATCH_s05_img_3940.jpg,val,images/val/image_00000683.jpg,0,0,3668,1628,4
684,BATCH_s05_img_5990.jpg,val,images/val/image_00000684.jpg,0,0,3668,1628,3
685,BATCH_s05_img_7690.jpg,val,images/val/image_00000685.jpg,0,0,3668,1628,1
686,BATCH_s05_img_8800.jpg,val,images/val/image_00000686.jpg,0,0,3668,1628,4
687,BATCH_s05_img_9400.jpg,val,images/val/image_00000687.jpg,0,0,3668,1628,10
688,BATCH_s05_img_9690.jpg,val,images/val/image_00000688.jpg,0,0,3668,1628,1
689,BATCH_s05_img_5230.jpg,val,images/val/image_00000689.jpg,0,0,3668,1628,1
690,BATCH_s05_img_11130.jpg,val,images/val/image_00000690.jpg,0,0,3668,1628,19
691,BATCH_s05_img_6050.jpg,val,images/val/image_00000691.jpg,0,0,3668,1628,2
692,BATCH_s05_img_11210.jpg,val,images/val/image_00000692.jpg,0,0,3668,1628,18
693,BATCH_s05_img_5740.jpg,val,images/val/image_00000693.jpg,0,0,3668,1628,2
694,BATCH_s05_img_7600.jpg,val,images/val/image_00000694.jpg,0,0,3668,1628,2
695,BATCH_s05_img_9220.jpg,val,images/val/image_00000695.jpg,0,0,3668,1628,9
696,BATCH_s05_img_1610.jpg,val,images/val/image_00000696.jpg,0,0,3668,1628,2
697,BATCH_s05_img_9470.jpg,val,images/val/image_00000697.jpg,0,0,3668,1628,7
698,BATCH_s05_img_510.jpg,val,images/val/image_00000698.jpg,0,0,3668,1628,1
699,BATCH_s05_img_7460.jpg,val,images/val/image_00000699.jpg,0,0,3668,1628,6
700,BATCH_s05_img_8470.jpg,val,images/val/image_00000700.jpg,0,0,3668,1628,2
701,BATCH_s05_img_11050.jpg,val,images/val/image_00000701.jpg,0,0,3668,1628,11
702,BATCH_s05_img_210.jpg,val,images/val/image_00000702.jpg,0,0,3668,1628,2
703,BATCH_s05_img_4250.jpg,val,images/val/image_00000703.jpg,0,0,3668,1628,1
704,BATCH_s05_img_5660.jpg,val,images/val/image_00000704.jpg,0,0,3668,1628,4
705,BATCH_s05_img_9110.jpg,val,images/val/image_00000705.jpg,0,0,3668,1628,10
706,BATCH_s05_img_9010.jpg,val,images/val/image_00000706.jpg,0,0,3668,1628,7
707,BATCH_s05_img_7260.jpg,val,images/val/image_00000707.jpg,0,0,3668,1628,1
708,BATCH_s05_img_3790.jpg,val,images/val/image_00000708.jpg,0,0,3668,1628,2
709,BATCH_s05_img_2630.jpg,val,images/val/image_00000709.jpg,0,0,3668,1628,1
710,BATCH_s05_img_8950.jpg,val,images/val/image_00000710.jpg,0,0,3668,1628,4
711,BATCH_s05_img_5590.jpg,val,images/val/image_00000711.jpg,0,0,3668,1628,3
712,BATCH_s05_img_3520.jpg,val,images/val/image_00000712.jpg,0,0,3668,1628,5
713,BATCH_s05_img_7940.jpg,val,images/val/image_00000713.jpg,0,0,3668,1628,1
714,BATCH_s05_img_8070.jpg,val,images/val/image_00000714.jpg,0,0,3668,1628,1
715,BATCH_s05_img_6490.jpg,val,images/val/image_00000715.jpg,0,0,3668,1628,1
716,BATCH_d08_img_2810.jpg,train,images/train/image_00000716.jpg,0,0,3840,2160,2
717,BATCH_d08_img_520.jpg,train,images/train/image_00000717.jpg,0,0,3840,2160,2
718,BATCH_d08_img_580.jpg,train,images/train/image_00000718.jpg,0,0,3840,2160,4
719,BATCH_d08_img_1420.jpg,train,images/train/image_00000719.jpg,0,0,3840,2160,5
720,BATCH_d08_img_4340.jpg,train,images/train/image_00000720.jpg,0,0,3840,2160,3
721,BATCH_d08_img_820.jpg,train,images/train/image_00000721.jpg,0,0,3840,2160,3
722,BATCH_d08_img_2580.jpg,train,images/train/image_00000722.jpg,0,0,3840,2160,2
723,BATCH_d08_img_490.jpg,train,images/train/image_00000723.jpg,0,0,3840,2160,2
724,BATCH_d08_img_1030.jpg,train,images/train/image_00000724.jpg,0,0,3840,2160,10
725,BATCH_d08_img_5400.jpg,train,images/train/image_00000725.jpg,0,0,3840,2160,7
726,BATCH_d08_img_3090.jpg,train,images/train/image_00000726.jpg,0,0,3840,2160,2
727,BATCH_d08_img_4070.jpg,train,images/train/image_00000727.jpg,0,0,3840,2160,3
728,BATCH_d08_img_1760.jpg,train,images/train/image_00000728.jpg,0,0,3840,2160,1
729,BATCH_d08_img_3000.jpg,train,images/train/image_00000729.jpg,0,0,3840,2160,2
730,BATCH_d08_img_4850.jpg,train,images/train/image_00000730.jpg,0,0,3840,2160,4
731,BATCH_d08_img_2890.jpg,train,images/train/image_00000731.jpg,0,0,3840,2160,6
732,BATCH_d08_img_1300.jpg,train,images/train/image_00000732.jpg,0,0,3840,2160,4
733,BATCH_d08_img_5300.jpg,train,images/train/image_00000733.jpg,0,0,3840,2160,7
734,BATCH_d08_img_4520.jpg,train,images/train/image_00000734.jpg,0,0,3840,2160,2
735,BATCH_d08_img_4220.jpg,train,images/train/image_00000735.jpg,0,0,3840,2160,3
736,BATCH_d08_img_2640.jpg,train,images/train/image_00000736.jpg,0,0,3840,2160,4
737,BATCH_d08_img_710.jpg,train,images/train/image_00000737.jpg,0,0,3840,2160,1
738,BATCH_d08_img_4290.jpg,train,images/train/image_00000738.jpg,0,0,3840,2160,4
739,BATCH_d08_img_3950.jpg,train,images/train/image_00000739.jpg,0,0,3840,2160,4
740,BATCH_d08_img_3130.jpg,train,images/train/image_00000740.jpg,0,0,3840,2160,3
741,BATCH_d08_img_1590.jpg,train,images/train/image_00000741.jpg,0,0,3840,2160,2
742,BATCH_d08_img_4460.jpg,train,images/train/image_00000742.jpg,0,0,3840,2160,2
743,BATCH_d08_img_350.jpg,train,images/train/image_00000743.jpg,0,0,3840,2160,1
744,BATCH_d08_img_5040.jpg,train,images/train/image_00000744.jpg,0,0,3840,2160,4
745,BATCH_d08_img_4420.jpg,train,images/train/image_00000745.jpg,0,0,3840,2160,2
746,BATCH_d08_img_4640.jpg,train,images/train/image_00000746.jpg,0,0,3840,2160,3
747,BATCH_d08_img_3050.jpg,train,images/train/image_00000747.jpg,0,0,3840,2160,3
748,BATCH_d08_img_2210.jpg,train,images/train/image_00000748.jpg,0,0,3840,2160,2
749,BATCH_d08_img_1260.jpg,train,images/train/image_00000749.jpg,0,0,3840,2160,6
750,BATCH_d08_img_2850.jpg,train,images/train/image_00000750.jpg,0,0,3840,2160,6
751,BATCH_d08_img_4050.jpg,train,images/train/image_00000751.jpg,0,0,3840,2160,2
752,BATCH_d08_img_5120.jpg,train,images/train/image_00000752.jpg,0,0,3840,2160,7
753,BATCH_d08_img_950.jpg,train,images/train/image_00000753.jpg,0,0,3840,2160,3
754,BATCH_d08_img_1630.jpg,train,images/train/image_00000754.jpg,0,0,3840,2160,2
755,BATCH_d08_img_990.jpg,train,images/train/image_00000755.jpg,0,0,3840,2160,9
756,BATCH_d08_img_660.jpg,train,images/train/image_00000756.jpg,0,0,3840,2160,2
757,BATCH_d08_img_1510.jpg,train,images/train/image_00000757.jpg,0,0,3840,2160,1
758,BATCH_d08_img_2280.jpg,train,images/train/image_00000758.jpg,0,0,3840,2160,2
759,BATCH_d08_img_590.jpg,train,images/train/image_00000759.jpg,0,0,3840,2160,3
760,BATCH_d08_img_390.jpg,train,images/train/image_00000760.jpg,0,0,3840,2160,2
761,BATCH_d08_img_2500.jpg,train,images/train/image_00000761.jpg,0,0,3840,2160,1
762,BATCH_d08_img_1210.jpg,train,images/train/image_00000762.jpg,0,0,3840,2160,6
763,BATCH_d08_img_440.jpg,train,images/train/image_00000763.jpg,0,0,3840,2160,2
764,BATCH_d08_img_4600.jpg,train,images/train/image_00000764.jpg,0,0,3840,2160,1
765,BATCH_d08_img_5050.jpg,train,images/train/image_00000765.jpg,0,0,3840,2160,5
766,BATCH_d08_img_1360.jpg,train,images/train/image_00000766.jpg,0,0,3840,2160,5
767,BATCH_d08_img_4150.jpg,train,images/train/image_00000767.jpg,0,0,3840,2160,3
768,BATCH_d08_img_3190.jpg,train,images/train/image_00000768.jpg,0,0,3840,2160,1
769,BATCH_d08_img_5470.jpg,train,images/train/image_00000769.jpg,0,0,3840,2160,7
770,BATCH_d08_img_4700.jpg,train,images/train/image_00000770.jpg,0,0,3840,2160,3
771,BATCH_d08_img_1060.jpg,train,images/train/image_00000771.jpg,0,0,3840,2160,5
